file_name,classes
BO722T02R-C11_4.jpg,Yes
WD221U0BD-G11_2.jpg,Yes
DUA21U01A-Q11_11.jpg,Yes
KH121G0CJ-Q11_19.jpg,Yes
4DR21U04V-M11_2.jpg,Yes
4DR22T02W-N11_2.jpg,Yes
TH341F06X-P11_8.jpg,Yes
PUC22T0E8-M11_2.jpg,Yes
E7721U03U-K11_10.jpg,Yes
B1741F01P-M11_6.jpg,Yes
VM421U07P-G11_19.jpg,Yes
GE121G01S-K11_2.jpg,Yes
1MY21G05B-E11_2.jpg,Yes
M7341D00Y-G11_2.jpg,Yes
WD221U08E-G11_15.jpg,Yes
SO222T062-I11_17.jpg,Yes
WD221U07Q-E11_10.jpg,Yes
CM021U01K-A11_7.jpg,Yes
VE121U0AJ-C11_2.jpg,Yes
S4322T04A-K11_9.jpg,Yes
SO222T061-C11_19.jpg,Yes
WD221U09G-K11_10.jpg,Yes
EA721G002-Q11_5.jpg,Yes
JY121G03L-M11_2.jpg,Yes
DI541F01S-K11_8.jpg,Yes
M9122S08L-K11_2.jpg,Yes
C2341F03H-Q11_13.jpg,Yes
UR621G00Z-J11_9.jpg,Yes
WD221U0CI-G11_11.jpg,Yes
WD221U0CV-C12_2.jpg,Yes
QX721G008-B11_9.jpg,Yes
NI121J0DL-Q11_8.jpg,Yes
WD221U0CT-J11_2.jpg,Yes
HE641F02F-M11_13.jpg,Yes
WD221U0C9-L11_2.jpg,Yes
WD221U0B2-Q11_15.jpg,Yes
BB122T072-K11_8.jpg,Yes
WD222T02P-K11_10.jpg,Yes
SA322H00Q-Q11_12.jpg,Yes
TP721G0MS-A11_10.jpg,Yes
TH342F087-N11_2.jpg,Yes
1MY21U070-J11_2.jpg,Yes
RI021001L-Q11_14.jpg,Yes
WD221U0BJ-K11_15.jpg,Yes
M7341F01Z-K11_2.jpg,Yes
CEE21U007-A11_4.jpg,Yes
EL922T02E-Q11_10.jpg,Yes
Z1721G05B-M11_2.jpg,Yes
UR622T00B-Q12_2.jpg,Yes
RI021001C-K11_8.jpg,Yes
IC141F0B7-M11_9.jpg,Yes
TD022T015-Q11_8.jpg,Yes
IJ022S036-K11_14.jpg,Yes
BO721U032-K11_11.jpg,Yes
WD222T012-G11_5.jpg,Yes
TO121U04J-A11_11.jpg,Yes
BEJ21U046-K11_13.jpg,Yes
GE121G01R-K11_2.jpg,Yes
C1421G009-B11_10.jpg,Yes
S5521U015-H11_18.jpg,
WD221I00H-G11_2.jpg,Yes
WD221U0CO-J11_2.jpg,Yes
L4221U03F-K11_2.jpg,Yes
A1721U00W-K12_17.jpg,Yes
SO221U06P-G11_15.jpg,Yes
WD221U0B8-Q11_2.jpg,Yes
V1021G0DS-Q11_7.jpg,
IL121U00X-N11_11.jpg,Yes
R5921G03N-M11_6.jpg,Yes
OP522T00R-K11_15.jpg,Yes
HAW22T005-M11_2.jpg,Yes
WD221U0CI-E11_2.jpg,Yes
SE622T071-K11_2.jpg,Yes
WD221U094-N11_10.jpg,Yes
TD022T015-K11_8.jpg,Yes
UR622L000-N11_10.jpg,Yes
AL522T01R-Q11_12.jpg,Yes
ON321U0CM-O11_2.jpg,Yes
R5921G03Y-Q11_13.jpg,Yes
JEG42F002-M12_2.jpg,Yes
JY121U020-K11_18.jpg,Yes
C7041F07U-B11_9.jpg,Yes
VE121U0B2-O11_13.jpg,No
AM421G00B-J11_9.jpg,No
T0X21G001-H11_14.jpg,No
PS722T01E-K11_10.jpg,No
R5921G043-K11_8.jpg,
ED121G055-E11_18.jpg,No
V1021G0DD-K11_8.jpg,No
WL521G04D-K11_13.jpg,No
TD022T01B-N11_15.jpg,No
DAM41F00H-K11_9.jpg,No
PS721G00H-K11_10.jpg,No
NX321G02X-B11_2.jpg,No
VIT21G003-A11_2.jpg,No
VM421G092-K11_main_image.jpg,No
IJ022T02R-K11_2.jpg,No
CM021U01Q-A11_8.jpg,No
GW121G02J-J11_6.jpg,No
BB121G022-Q11_18.jpg,No
NEG21G00Q-A11_2.jpg,No
STG21G02B-Q11_15.jpg,No
WD221U0CK-K11_15.jpg,Yes
IN321G010-B11_9.jpg,No
PUC21G061-M11_16.jpg,No
Y0121G03Q-O11_17.jpg,No
GE221G026-J11_8.jpg,No
1MY21G04B-I11_15.jpg,No
KH122T07X-M11_16.jpg,Yes
ON321G0V3-G12_5.jpg,No
C7641F00A-A11_4.jpg,No
DP521G09B-Q11_7.jpg,No
STG21G02O-Q11_14.jpg,No
ON321G0ZT-Q11_10.jpg,No
CLA21G00P-J11_2.jpg,No
DP521G09A-K11_7.jpg,No
STC21G00P-Q12_12.jpg,No
TOB21U02I-G11_6.jpg,No
AM421G00E-N11_2.jpg,Yes
WD221U0DA-L11_2.jpg,Yes
VE121G0VI-I11_2.jpg,No
PUC21U075-B11_2.jpg,No
SAD21G01W-B11_2.jpg,No
BO721U034-H11_6.jpg,No
DR221K001-Q11_10.jpg,No
GL921G029-M11_12.jpg,No
KH121G0C3-Q11_18.jpg,Yes
NM321E0AA-O11_17.jpg,No
AD541F0BF-C11_14.jpg,Yes
PC721G02R-K11_8.jpg,No
PUC21G07G-J11_19.jpg,No
B14210003-I11_10.jpg,No
OND21G00W-G11_9.jpg,
PUC21G07H-M11_18.jpg,No
JY121G03P-Q11_9.jpg,No
OA221G01L-K12_8.jpg,No
BB121G022-M11_17.jpg,No
7F121G01D-Q11_8.jpg,No
7E021U00U-Q11_10.jpg,No
22B21G006-G11_2.jpg,No
UR621G00W-Q11_16.jpg,No
S2041F017-K11_6.jpg,
CO121G08Q-K11_8.jpg,No
JL121G01O-Q11_2.jpg,No
DR221G013-C11_6.jpg,No
L4221U03B-N11_10.jpg,No
MMA21G007-A11_2.jpg,No
GID21G013-K11_9.jpg,No
MAL21U026-Q11_2.jpg,No
OU221G00Y-G11_12.jpg,No
P6821G003-K11_14.jpg,No
BE921G00L-B11_7.jpg,No
VEI21U003-A11_9.jpg,No
SOA21G051-A12_main_image.jpg,No
JU121G010-A11_5.jpg,No
31021G003-K11_13.jpg,No
ON321G10E-E11_10.jpg,No
1MY21U06V-A11_2.jpg,No
K4821G010-Q11_11.jpg,No
P1421U01Q-Q11_11.jpg,No
IL121U019-E11_11.jpg,Yes
OP421G02Z-Q11_7.jpg,No
ON321G11R-K11_2.jpg,No
B0E21G002-K11_11.jpg,No
PUC23L000-K11_2.jpg,No
GW121G028-A11_6.jpg,No
BA221G02H-K11_14.jpg,No
CL321G00V-M11_5.jpg,No
WD221U0C4-M11_2.jpg,Yes
VM421G08Z-C11_13.jpg,No
7E021U00W-B11_10.jpg,No
HU721G04G-B11_2.jpg,No
10K43G00J-A11_4.jpg,No
GO721G009-Q11_7.jpg,No
VE121G0UQ-Q11_13.jpg,No
PUC21G052-K11_11.jpg,Yes
TP721G0M2-J11_7.jpg,No
M9121G0TH-B11_19.jpg,No
WD221U03M-I11_5.jpg,Yes
JU021U01K-T11_10.jpg,No
CEE21G002-B11_4.jpg,Yes
OND21G018-K11_8.jpg,No
NM321G072-O11_10.jpg,No
P2121G011-B11_5.jpg,No
KH121G0AS-I11_16.jpg,Yes
C1Q21G00E-A11_11.jpg,No
M0Q21G06I-A11_7.jpg,No
1FN21G01Y-Q11_18.jpg,Yes
DP521G095-O11_11.jpg,Yes
SO221U06H-G11_12.jpg,
EV621G000-Q11_16.jpg,No
PX421G01X-K11_2.jpg,No
WD222T03E-E11_2.jpg,Yes
WD221U0BT-K11_2.jpg,
OA221G01T-K11_2.jpg,No
SOA21G04U-A11_10.jpg,No
M9121G0VH-C11_2.jpg,No
WD222T02T-Q11_10.jpg,No
WD221U0BA-C11_15.jpg,Yes
PUC21U05A-L11_18.jpg,Yes
OB121G04W-N11_7.jpg,No
V1021G0DO-A11_2.jpg,No
NI121G04R-E11_8.jpg,No
OA121L004-K11_16.jpg,No
0VB21G006-B11_8.jpg,No
EA722T00F-Q11_10.jpg,No
BAW21U017-K11_11.jpg,No
ES121G09V-K11_11.jpg,No
SAD21G01P-K11_2.jpg,No
F2242F03L-M11_10.jpg,Yes
NI121G04U-A11_10.jpg,Yes
KA321G03K-N11_14.jpg,No
M9121G0TM-A11_17.jpg,No
ED121G04X-K11_13.jpg,No
JAM22T03P-K11_19.jpg,No
ON321G13I-T11_2.jpg,No
BG822G004-604_2.jpg,No
H4421U05M-B11_15.jpg,No
VE121U0B1-Q11_10.jpg,No
PUC21G078-J11_2.jpg,No
S5521U015-H11_10.jpg,Yes
M3I21G07C-M11_9.jpg,No
MOQ21G022-B11_2.jpg,No
FP021G01L-A11_2.jpg,No
TAQ21G009-J11_10.jpg,Yes
CE321U02T-K11_2.jpg,Yes
SC321G02A-N11_10.jpg,No
ES421I0GL-A11_7.jpg,No
EA821G00O-Q11_4.jpg,No
KH121G0C5-K11_18.jpg,Yes
TD022T013-K11_8.jpg,Yes
TA021G02Q-A11_7.jpg,No
DH521G008-K11_2.jpg,No
C1821U014-Q11_17.jpg,Yes
M7341G00Q-A11_2.jpg,Yes
NA823L0GP-Q11_2.jpg,No
DC122T01S-Q11_10.jpg,No
OP421G02Y-K11_8.jpg,No
NOO41F00B-G11_9.jpg,Yes
VA442F02L-M11_14.jpg,Yes
OP421G03C-K11_5.jpg,No
VM421U07J-I11_17.jpg,Yes
ON321U05L-N11_5.jpg,Yes
CE321G05K-A11_2.jpg,Yes
ON321I1PK-I11_2.jpg,No
CO121I035-K11_15.jpg,No
BY221G01F-J11_2.jpg,No
PUH21G00F-G11_2.jpg,No
SU221J11H-Q11_15.jpg,Yes
KA321G041-G11_2.jpg,No
88041F011-Q12_5.jpg,No
PUC21U05D-G11_2.jpg,Yes
QX721U005-A11_10.jpg,Yes
PUC21G07D-C11_4.jpg,No
AD121G077-Q11_18.jpg,No
TD021G00A-M11_7.jpg,Yes
HU721U01N-Q11_11.jpg,No
22B21G00Q-Q11_12.jpg,No
SOA21U02R-B11_7.jpg,No
ON321G0ZB-C11_10.jpg,No
GI221G03J-C11_12.jpg,Yes
WD221U0CY-E11_2.jpg,Yes
Z1721G059-C11_9.jpg,No
ON321U0FD-J11_2.jpg,No
PS721G00I-I11_9.jpg,No
GS121G085-K11_17.jpg,No
PU121G01R-Q11_8.jpg,No
PE121G06I-J11_12.jpg,No
1MY21U03Z-J11_10.jpg,Yes
SO221U07I-M11_19.jpg,Yes
4T021G01B-J11_7.jpg,No
M4R21G007-C11_10.jpg,No
P6822T01B-M11_10.jpg,Yes
TP721U080-C11_12.jpg,No
KH121G0CF-Q11_9.jpg,No
WD221U05R-C11_10.jpg,Yes
ON321G102-Q11_2.jpg,No
R5921G03V-G11_2.jpg,Yes
C7041F07S-H11_5.jpg,Yes
SE521G05H-Q11_10.jpg,No
P1421G02R-G12_9.jpg,No
4T021G01H-K11_12.jpg,No
M9121G0TR-M11_9.jpg,No
PUC21G03A-Q11_14.jpg,No
GW121G02F-J11_6.jpg,No
BM921U01R-A11_14.jpg,Yes
PUC21G05R-E11_18.jpg,No
PE321U01Y-M11_main_image.jpg,No
M9121G0TZ-B11_2.jpg,No
CL321U01D-N11_12.jpg,
WF521G01E-J11_15.jpg,No
PUC21G052-K12_19.jpg,Yes
S5521G02T-Q11_16.jpg,No
AL522T00L-Q11_5.jpg,Yes
VE121G0TO-Q11_12.jpg,No
L2521G026-B11_9.jpg,No
MB121G01P-K12_2.jpg,No
SO221G0BG-K11_2.jpg,No
S8521G0DE-G11_15.jpg,No
AR321G00I-B11_8.jpg,No
CM021U01I-J11_2.jpg,Yes
CLG21G00E-H11_18.jpg,No
C2P21G00C-C11_10.jpg,No
SU241F027-Q11_2.jpg,Yes
NI121G051-Q11_10.jpg,No
H4421G0AY-B11_15.jpg,No
VEE21U015-E11_12.jpg,No
ON321U0AC-N11_11.jpg,No
OS322T06R-Q13_14.jpg,Yes
ON321G10R-K11_18.jpg,Yes
7E021U01B-G11_10.jpg,No
ON321U0G5-K13_2.jpg,No
TQ021G019-J11_8.jpg,No
PJ422S00U-K11_2.jpg,Yes
1MY21G04G-Q11_2.jpg,No
F1421G019-N11_10.jpg,No
MA321G06Z-B11_6.jpg,Yes
TA021G02O-T11_2.jpg,No
THA21G01Z-Q11_5.jpg,No
EW221G04D-K11_7.jpg,No
LI621U006-Q11_16.jpg,No
VE121G0UC-K11_4.jpg,No
SU221U08W-J11_4.jpg,Yes
4AP21G038-Q11_13.jpg,No
HE641F02E-A11_17.jpg,Yes
CM021U01T-B11_10.jpg,Yes
WH422T00A-Q11_10.jpg,No
1MY21I087-J11_2.jpg,No
ON321G138-Q11_6.jpg,No
SO221G0A4-A11_8.jpg,No
CAU29G002-K11_6.jpg,No
MX921G01K-N11_5.jpg,No
VE121G0VI-Q11_2.jpg,No
1MY21U06C-M11_2.jpg,No
M9121G0UW-I11_10.jpg,No
WD221U0AZ-K11_2.jpg,Yes
IC221G02P-Q11_5.jpg,No
VE121G0TK-O11_7.jpg,No
P6821U004-Q11_10.jpg,No
Y0321G018-A11_2.jpg,No
WF521G00T-Q11_14.jpg,No
BO721U039-G11_4.jpg,No
YC021G00D-C11_14.jpg,No
Y0121G03D-Q11_18.jpg,Yes
MA321G07F-K11_2.jpg,No
HU721U01Q-Q11_8.jpg,No
SOA21U02R-J11_8.jpg,No
GU121G09E-T11_12.jpg,No
WD222T040-G11_2.jpg,Yes
M5S21G005-Q11_7.jpg,No
DP521G09C-K11_5.jpg,Yes
WD221U0D0-J11_2.jpg,Yes
PAX21G00M-K11_10.jpg,No
ONA21G00T-Q11_8.jpg,No
L4221U02E-K11_8.jpg,No
PUC21G05J-Q11_17.jpg,No
WD221U0BC-K11_2.jpg,Yes
LE222T02Q-K11_9.jpg,Yes
Z1721G02H-Q11_15.jpg,No
UR621U005-J11_5.jpg,No
C2P21G00D-F11_10.jpg,No
ONA21G01C-M11_10.jpg,No
OB721G005-B11_8.jpg,No
PUC22T0E0-M11_2.jpg,Yes
TO221G092-K11_14.jpg,No
UR621G00C-M11_5.jpg,No
SOA21G03I-B11_8.jpg,No
WEB21G02E-K11_10.jpg,No
AL522T00L-A11_8.jpg,Yes
P6921G01W-J11_10.jpg,
SU221U09H-Q11_10.jpg,Yes
IL121H00D-Q11_16.jpg,
MM321G004-T11_5.jpg,Yes
ON541F04F-M11_2.jpg,Yes
QU122T01T-B11_11.jpg,Yes
SU221U09H-Q11_12.jpg,Yes
WD221G01F-C11_14.jpg,Yes
TO222T05T-K11_11.jpg,Yes
WD221U0AU-G11_12.jpg,Yes
WD222T03C-N11_2.jpg,
R2341F056-Q11_9.jpg,Yes
TO721U02I-K11_5.jpg,Yes
WD221U0D9-H11_2.jpg,Yes
TD021U01C-B11_19.jpg,Yes
VE121G0U3-Q11_15.jpg,Yes
WD221U0BA-K11_2.jpg,Yes
AD541F0DS-H11_12.jpg,Yes
1MY21U05X-G11_10.jpg,Yes
1MY21U05W-J11_10.jpg,Yes
4DR22T02P-Q11_2.jpg,Yes
OS322T04H-Q11_12.jpg,Yes
CRF22T006-K11_12.jpg,Yes
UR622T00B-E11_2.jpg,Yes
WD221G01Q-K11_2.jpg,Yes
QX721G008-M11_8.jpg,Yes
NAH22T00B-Q11_8.jpg,
TO721U02N-T11_main_image.jpg,Yes
4DR22T02P-K11_2.jpg,Yes
TO721U02N-E11_5.jpg,Yes
GOM21G003-K11_10.jpg,No
MIG21E023-A11_10.jpg,No
1MY21U04X-I11_10.jpg,No
IC141F0BH-G11_13.jpg,Yes
WD221U07K-I11_11.jpg,Yes
S8521G0DF-M11_2.jpg,No
DRQ21G000-K11_5.jpg,No
4DR21G06A-M11_2.jpg,Yes
UT421U01Z-O11_8.jpg,No
WD221U068-M11_10.jpg,Yes
VM421G099-O11_15.jpg,No
Y0321G013-B11_10.jpg,No
4BE21G03W-C11_9.jpg,No
WD221U0A6-C11_10.jpg,Yes
7E021U00X-Q12_10.jpg,No
PUC22T0AD-N11_18.jpg,Yes
BA221G01D-604_1.jpg,Yes
WD221U0CB-L11_2.jpg,Yes
NOO41F009-C11_7.jpg,Yes
WF521U002-Q11_14.jpg,No
CM021G004-N11_10.jpg,Yes
L4221G03K-N11_2.jpg,No
KH121U0GU-Q11_16.jpg,Yes
WD221G020-K11_2.jpg,Yes
QS121J059-E11_2.jpg,No
OA121U045-B11_9.jpg,No
F2121G00U-Q11_2.jpg,No
VE121G0PD-K11_11.jpg,No
BA221U02W-K11_6.jpg,Yes
BRH22T03L-N11_8.jpg,Yes
C1821G02P-K11_2.jpg,No
WD221U0C2-G11_14.jpg,Yes
VE121G0QT-Q11_13.jpg,No
TO221U03Y-J11_10.jpg,No
SOA21G04F-K11_4.jpg,No
ON321G12M-K11_5.jpg,No
DP721G01A-Q11_10.jpg,No
1FN21U022-Q11_2.jpg,No
LY222T00N-K12_8.jpg,Yes
CE321U031-G11_2.jpg,No
ON321U0G5-J11_2.jpg,No
ON321I1PK-J12_2.jpg,No
VM421G09L-K11_13.jpg,No
NX321U03A-H11_2.jpg,No
4DR21G05U-Q11_2.jpg,No
IC221U00U-A11_9.jpg,No
M5S21U00O-E11_8.jpg,No
1US21I03R-M11_2.jpg,No
Z1721I082-Q11_2.jpg,No
WO321G00V-Q11_8.jpg,No
7E021U016-O11_10.jpg,No
4HI21U000-G11_5.jpg,No
F2121G00M-C12_2.jpg,No
BM922T02D-K11_6.jpg,No
BB121G02R-B11_2.jpg,No
NM521G011-G11_9.jpg,No
TO221G07E-K11_18.jpg,No
1MY21U06C-J11_2.jpg,No
STC21G00Q-K11_9.jpg,No
PUC21G052-J11_14.jpg,Yes
ED121U059-K11_main_image.jpg,Yes
KH121G09C-M11_9.jpg,No
BA222H019-N11_7.jpg,No
DE121G046-Q11_2.jpg,No
IC143G023-K11_9.jpg,Yes
JA222T0EX-B11_13.jpg,No
LY222T01G-M11_10.jpg,No
WD222T03E-K11_15.jpg,Yes
DI121G03V-K11_2.jpg,No
DEA21G00B-A11_5.jpg,No
RIJ21U002-Q11_12.jpg,No
KS821G01E-I11_2.jpg,No
4BE21G03Y-G11_11.jpg,No
UT021G006-K11_16.jpg,No
ES121G09V-Q11_7.jpg,No
BB121G032-K11_2.jpg,No
ON321G0ZX-Q11_2.jpg,No
AD121G093-Q11_2.jpg,No
WEF21G002-B11_18.jpg,No
RE322T01Z-K11_10.jpg,Yes
NN121G01J-I11_17.jpg,No
SU222T0ID-M11_12.jpg,No
NA621G02F-E11_10.jpg,Yes
1MY21U06J-O11_2.jpg,No
FF221U03A-K11_10.jpg,Yes
PX421G02P-G11_15.jpg,No
MA321G06W-M11_10.jpg,No
GS122T090-T11_17.jpg,
MOQ21G01U-B11_10.jpg,No
ARC21U00Q-Q11_12.jpg,No
1MY21G05A-E11_2.jpg,No
M9121G0UH-Q11_14.jpg,No
M3W21G009-C11_13.jpg,No
KH122T0AH-Q11_16.jpg,Yes
BM921U01Q-K11_4.jpg,No
S8521G0DD-B11_11.jpg,No
1MY21G040-I11_10.jpg,No
PE321G036-K11_2.jpg,No
SG721G00T-Q11_8.jpg,No
4DR21G06S-A11_2.jpg,No
ES122T05N-N11_2.jpg,Yes
P6921G028-Q11_5.jpg,No
VM421G091-K11_15.jpg,No
JL021G00O-Q11_12.jpg,No
KH121U0VL-K11_16.jpg,Yes
B1441F00T-K12_19.jpg,
BA222T01Q-K11_12.jpg,No
VE121G0VG-Q11_12.jpg,Yes
ON321G108-Q11_8.jpg,No
4DR21G06A-B11_2.jpg,
M5821G07N-K11_7.jpg,No
B0N21G015-K11_9.jpg,No
S8521G0DC-K11_14.jpg,No
F2121U00I-M11_2.jpg,No
R6721G00J-E11_12.jpg,No
WD221G015-E11_15.jpg,Yes
KA321G03K-L11_14.jpg,No
NOB21G00I-Q11_8.jpg,No
TP721G0MW-J11_2.jpg,No
PC721G02T-Q11_15.jpg,No
1NE41F00L-Q11_2.jpg,No
S8521G0DA-C11_12.jpg,No
ON321I1PK-K11_16.jpg,No
RI521G02F-K11_8.jpg,No
4DR21U052-Q11_2.jpg,No
PER21G003-K11_13.jpg,No
PUC21G044-K12_17.jpg,No
NA521G02X-A11_8.jpg,No
MSA21U00J-Q11_12.jpg,No
DE121G03D-K11_2.jpg,
SU221I0EC-E11_9.jpg,No
WD221U0CG-E11_2.jpg,Yes
BB121U01Y-K11_18.jpg,Yes
PE321G01O-C11_1.jpg,No
C18210002-Q11_9.jpg,No
MA321G06V-K11_2.jpg,No
PUC21U068-Q11_2.jpg,
KH122T0AT-Q11_18.jpg,No
M9121U0OF-O11_12.jpg,Yes
SOA21G04E-B11_7.jpg,No
IC621U019-K11_10.jpg,Yes
HU721G03Y-Q11_9.jpg,No
1US21U01O-N11_14.jpg,No
PY021G010-A11_7.jpg,No
BEJ21I062-K11_12.jpg,No
ON321U0FP-E11_2.jpg,Yes
HO021G00B-F11_18.jpg,No
NL021G08N-Q11_5.jpg,No
WD221G01N-K11_2.jpg,Yes
PUC22T0C4-N11_2.jpg,Yes
P6921G01Z-G11_5.jpg,No
MAL21G019-K11_2.jpg,No
7E021U00M-O11_10.jpg,No
TH341F094-Q11_10.jpg,No
VE121G0TJ-K11_2.jpg,No
SOA21G053-M11_10.jpg,No
PU121G02B-C11_12.jpg,No
QS121G04G-N11_14.jpg,Yes
WD221U0CH-E11_2.jpg,Yes
M9121G0UZ-O11_2.jpg,No
ALP21G005-B11_7.jpg,No
VA441F02U-M12_8.jpg,Yes
F0821U00U-N11_7.jpg,Yes
H4421G0B0-F11_2.jpg,No
CM021U01O-C11_10.jpg,No
UT421G01R-G11_14.jpg,No
1MY21G048-I11_10.jpg,No
SO221G0B4-C11_17.jpg,No
WD221U06C-M11_10.jpg,Yes
WD221U0BI-E11_11.jpg,Yes
RI521G019-Q11_9.jpg,No
LT121G036-Q11_2.jpg,No
6FR21G00J-A11_8.jpg,No
BEJ21G03E-C11_15.jpg,
DK121G00W-Q11_2.jpg,No
PS722T01F-Q11_8.jpg,Yes
OB121U01J-Q11_13.jpg,
QM129K002-Q11_1.jpg,No
VE121U021-M16_17.jpg,No
GW121G01Z-Q11_6.jpg,No
PS921G002-K11_10.jpg,No
HO021G00B-Q11_10.jpg,No
JA222T0I3-N11_17.jpg,Yes
WD221G016-J11_10.jpg,Yes
ES421G095-Q11_19.jpg,No
KH121G09D-N11_9.jpg,Yes
P2121G00Y-O11_2.jpg,No
ON321G0Z9-I11_13.jpg,No
MQ921G00M-Q11_9.jpg,No
PQ421U002-A11_5.jpg,Yes
S8521U05B-E11_2.jpg,No
ES121G0A0-K11_2.jpg,No
CQ421G002-C11_9.jpg,No
KH121G09B-O11_11.jpg,No
TR121G01M-K11_8.jpg,No
GA321G01W-G11_2.jpg,No
RI022G001-B11_13.jpg,Yes
P6821G00A-G11_2.jpg,No
WD222T01Z-K12_14.jpg,Yes
CO121G082-A11_10.jpg,No
L4221G03E-T11_10.jpg,No
P6921U01F-A11_10.jpg,No
4DR21G06E-Q11_2.jpg,No
RI0210016-Q11_5.jpg,
BQ021G007-H11_14.jpg,No
PO221U01R-K11_2.jpg,No
SC321G02W-G11_14.jpg,No
BG821U00Z-J11_9.jpg,Yes
UR621G00T-M11_5.jpg,No
TO221G08M-K11_16.jpg,No
SO222T062-M11_19.jpg,Yes
OA121U040-Q11_12.jpg,No
1US21G00C-G11_13.jpg,No
UR622H019-N11_14.jpg,Yes
JU121G00T-A11_6.jpg,No
JL121G01S-Q11_2.jpg,No
HA422T007-Q11_18.jpg,
WD222T03F-M11_2.jpg,Yes
C0421G01N-B11_12.jpg,No
4DR21U04V-Q11_2.jpg,Yes
EA721G001-T11_6.jpg,
N0121U003-B11_5.jpg,No
SO821G021-A11_5.jpg,No
SO221G0B3-Q11_12.jpg,No
MOQ21G025-H11_7.jpg,Yes
VE121U07P-B11_12.jpg,No
SA322T00L-Q11_12.jpg,
TO221G08P-K11_14.jpg,No
M5921G04A-B11_15.jpg,No
K4821G00X-E11_12.jpg,Yes
C2341F03B-A11_5.jpg,No
A0Q21U03P-Q11_2.jpg,No
C7042F05B-K11_7.jpg,No
WD221U0B4-M11_2.jpg,Yes
ON321G108-K11_7.jpg,No
ED121U051-J11_5.jpg,Yes
BB121G02X-K11_2.jpg,No
JC421G00K-K11_12.jpg,No
BEJ21U02O-C11_14.jpg,No
PUC21U067-J11_14.jpg,No
WD222T042-C12_2.jpg,Yes
SAD21G01L-K11_2.jpg,No
C0421U00F-K11_8.jpg,
MP421G00D-A11_4.jpg,No
PO222S06F-N11_14.jpg,Yes
PUC21U064-Q11_17.jpg,No
JEG22T007-G11_main_image.jpg,No
TH322T004-G12_6.jpg,No
PUC21G06A-K11_10.jpg,No
ON321G11O-N11_13.jpg,No
4DR21G06L-B11_2.jpg,No
WL521G04F-O11_6.jpg,No
TO221U03K-K11_17.jpg,No
88041G008-M11_13.jpg,Yes
JL141F03L-K11_6.jpg,No
Z1721G00G-K11_12.jpg,No
SU221G0BO-B11_6.jpg,No
UT021U005-G11_13.jpg,No
PY522T013-K11_2.jpg,Yes
GU121G09W-K11_13.jpg,No
WD221U08D-E11_10.jpg,Yes
ON321U0G5-J12_2.jpg,No
OS322T09A-Q11_5.jpg,No
VE121G0TD-Q11_13.jpg,No
DOA21G00Y-Q11_9.jpg,No
PUC21G071-G11_19.jpg,Yes
P6921U01G-Q11_10.jpg,Yes
TO221J05L-E11_14.jpg,No
PA941F02Q-K11_10.jpg,Yes
GL921G028-C11_11.jpg,No
M9121G0SQ-G12_12.jpg,No
M9121G0VK-B11_2.jpg,No
4DR21G05R-Q11_2.jpg,Yes
PUC21U08N-Q11_2.jpg,Yes
SU221U09H-A11_10.jpg,Yes
B0N21G016-C11_9.jpg,No
VE121G0U9-O11_14.jpg,No
1MY21G03R-I11_12.jpg,Yes
4JO21U01S-Q11_5.jpg,No
M0U21G01B-J11_5.jpg,Yes
UT421U01J-J11_13.jpg,No
LU941F03X-A11_5.jpg,Yes
88041F015-Q11_9.jpg,Yes
A0Q21G017-J11_12.jpg,No
7E021G008-C11_10.jpg,No
1MY21U06P-A11_13.jpg,No
WEB21G029-Q11_10.jpg,No
1MI22T00Z-Q11_10.jpg,No
M5S21G00G-M11_7.jpg,No
WD221G025-C11_11.jpg,Yes
BE921U019-C11_15.jpg,No
VE121U021-O12_1.jpg,No
EA821G00L-K11_5.jpg,No
PUC21G05O-M11_17.jpg,No
SE521U043-K11_8.jpg,No
ES421U06P-C11_18.jpg,No
JA222T0K4-K11_2.jpg,Yes
DP521G09I-O11_2.jpg,No
CKB21G006-M11_7.jpg,No
C2341G00Q-M11_8.jpg,No
ON321G12Y-A11_14.jpg,No
BB121U01C-M11_14.jpg,No
WD221U06R-K11_10.jpg,Yes
ON321G0SO-C11_2.jpg,Yes
CEE21U008-K11_4.jpg,No
7E021U01L-T11_10.jpg,No
R2341F056-K11_7.jpg,Yes
VE121U0B1-J11_8.jpg,No
A0O22T000-Q11_12.jpg,Yes
DUA21G007-M11_2.jpg,Yes
ZZO0VF902-Q11_main_image.jpg,Yes
MQ921G00R-A11_2.jpg,No
VE121G0V1-C11_12.jpg,No
DI541F024-J11_13.jpg,Yes
1MY21U06Z-Q11_2.jpg,No
PUC21G01G-C12_2.jpg,No
N1429K00R-C11_1.jpg,No
P6822T019-K11_14.jpg,No
N3221G02Q-Q11_2.jpg,No
SOA21I05N-G11_15.jpg,No
FP021G01I-E11_9.jpg,No
TH341F05J-K11_12.jpg,Yes
WD221G02B-J11_2.jpg,Yes
GA321G01X-K11_7.jpg,No
WD221U081-A11_11.jpg,Yes
BG821U00S-Q11_9.jpg,
LE421G024-K13_7.jpg,No
P1421U01O-J11_8.jpg,No
JY121G03F-Q11_13.jpg,No
L0641F00B-K11_11.jpg,No
DP521G092-J11_12.jpg,No
SO221U070-G11_10.jpg,No
1MY21G03Y-K11_14.jpg,Yes
4AP21G02X-A11_8.jpg,No
WD221G01M-K11_2.jpg,Yes
UT021G00D-A11_10.jpg,No
CO121G085-K11_10.jpg,No
BA221G03D-Q11_2.jpg,No
MQ121G003-Q11_17.jpg,No
VM021G01J-G11_5.jpg,No
WL521G044-Q11_11.jpg,No
L0642F01J-K11_12.jpg,No
IC141F0BH-K11_2.jpg,Yes
MYK21G000-Q11_15.jpg,No
OS322T06S-Q12_14.jpg,No
PX421G02Z-Q11_2.jpg,No
QU122L00K-C11_12.jpg,
NA621G02F-J11_4.jpg,Yes
HOS21G005-J11_14.jpg,No
WD221U0B6-M11_2.jpg,Yes
CE321G05N-K11_2.jpg,No
VE121G0UX-K11_4.jpg,No
VE121G0R5-B11_15.jpg,No
TH341F090-N11_9.jpg,Yes
MQ921G00P-K11_9.jpg,No
SA321G01J-K11_12.jpg,No
P6921G020-J11_15.jpg,No
MK121U01G-Q11_4.jpg,Yes
PE321G012-A11_12.jpg,No
1MY21U071-J11_2.jpg,Yes
Z1721I08K-M11_2.jpg,No
ON321U0F6-O11_2.jpg,No
WD221U0BL-K11_2.jpg,Yes
TP721G0M5-Q11_7.jpg,No
CKB21G005-K11_2.jpg,No
LY222T00N-A11_main_image.jpg,
ES421G08S-K11_18.jpg,No
RB021G00U-K11_2.jpg,No
PUC21U067-N11_18.jpg,No
1MY21G05F-Q11_2.jpg,No
EDD21G00N-A11_10.jpg,No
A0Q21G01E-Q11_12.jpg,No
NX321G04J-K11_4.jpg,No
L2521G01D-K11_12.jpg,No
TO221G09A-J11_12.jpg,No
Y0121G039-Q11_11.jpg,No
TO221G09G-J11_16.jpg,No
AD542F0OU-C11_2.jpg,Yes
SE521U04B-K11_9.jpg,No
M5S21G00B-M11_9.jpg,Yes
BG821U010-Q11_14.jpg,Yes
WD221U0CW-L11_12.jpg,Yes
ES421G08S-E11_2.jpg,No
TE421E03F-A11_2.jpg,No
PE321U00X-Q11_2.jpg,No
ARC21G00L-L11_5.jpg,Yes
S3821G016-Q11_2.jpg,No
AD121G08F-Q11_6.jpg,No
DEA21G00B-Q11_11.jpg,No
TO121G04Y-K11_16.jpg,No
WD222T02W-K11_10.jpg,No
NEG21G00N-B11_9.jpg,No
ONA21U00Z-C11_15.jpg,No
SO821G01Y-B11_8.jpg,No
HAW22T004-M11_2.jpg,No
KH121U0U6-Q11_18.jpg,Yes
BAW21G00F-K11_9.jpg,Yes
KH122T0AR-K11_18.jpg,Yes
BB121G02D-Q11_2.jpg,No
1MY21G04J-Q11_2.jpg,No
UR622T00B-G11_2.jpg,Yes
CA522T01E-K11_10.jpg,No
VIT21G002-G11_10.jpg,No
WD221G024-K11_2.jpg,Yes
AN651G065-J11_2.jpg,No
ON321U05T-N11_10.jpg,Yes
AN651G06B-A11_7.jpg,No
IN321G015-K11_4.jpg,No
BB121G035-A11_17.jpg,No
WD221G00T-J11_10.jpg,Yes
GU121G096-T11_9.jpg,No
23B21G002-A11_11.jpg,No
4DR21G070-G11_2.jpg,No
1MY21I020-G11_12.jpg,No
1MY21G04B-Q11_14.jpg,No
IJ022S036-M11_14.jpg,
WD221U079-J11_11.jpg,Yes
TW321G008-A11_12.jpg,No
MK121G01U-K11_5.jpg,No
JY121G03N-N11_7.jpg,No
S8521U057-Q11_6.jpg,No
M9121U0OQ-Q11_main_image.jpg,No
VM421G09K-A11_15.jpg,No
IJ022T011-Q11_10.jpg,No
PE321G02Y-A11_15.jpg,No
M0Q21G06P-G11_8.jpg,No
H1522T000-E11_2.jpg,Yes
ON321G10U-O11_2.jpg,No
GI221U033-C11_14.jpg,Yes
DR221G01D-C11_10.jpg,No
L4821G00O-K11_9.jpg,No
WD221U08C-K11_12.jpg,Yes
BM921U01J-M11_9.jpg,No
WD221I00C-G11_11.jpg,Yes
UT421U020-Q11_18.jpg,No
Y0121G03K-G11_7.jpg,No
1MY21U06M-I11_2.jpg,Yes
L4821G00N-K11_2.jpg,
SU221U07K-B11_12.jpg,No
ON321G0YJ-C11_13.jpg,No
WD221U095-K11_10.jpg,Yes
0HC21G001-Q11_8.jpg,No
QS121U02O-T11_8.jpg,
C1421G009-Q11_14.jpg,
1MY21U06W-T11_2.jpg,Yes
IV321G00N-K11_14.jpg,No
TP721G0N4-J11_6.jpg,No
TO221U046-H11_9.jpg,Yes
1MY21U06K-K11_2.jpg,No
DP621G017-Q11_5.jpg,No
IC141F0BB-K11_14.jpg,No
BA221G045-G11_11.jpg,No
LY222T005-Q11_12.jpg,Yes
BA221G04F-M11_4.jpg,No
VE121U0B1-E11_8.jpg,No
C1821G030-J11_2.jpg,Yes
TO721U02I-N11_18.jpg,Yes
M0Q21G06N-K11_7.jpg,No
1MY21U057-K11_13.jpg,Yes
SC321G02K-B11_16.jpg,No
N0121G00A-K11_10.jpg,Yes
WD221U08N-K11_13.jpg,Yes
VE121G0VN-M11_12.jpg,No
M5821U01L-O11_8.jpg,No
UR621G01R-Q11_5.jpg,No
S8521U056-B11_2.jpg,No
S0522T001-K11_8.jpg,Yes
GU121G09N-Q11_11.jpg,No
WL521G04A-C11_6.jpg,No
M9121U0P4-K11_2.jpg,No
1MY21U04S-Q11_10.jpg,Yes
VE121U0BV-O11_17.jpg,No
DI122T03D-G11_2.jpg,No
IC221G02L-A11_8.jpg,No
4DR21U03Y-Q11_12.jpg,No
WA221G021-B11_2.jpg,No
MAL21G017-K11_2.jpg,No
QS121G047-J11_16.jpg,No
SOA21G04D-N11_11.jpg,No
VE121G0VF-Q11_11.jpg,No
NX321G03Z-M11_2.jpg,No
OA121U042-B12_8.jpg,No
7E021U013-G11_10.jpg,Yes
SO221U05A-G11_14.jpg,Yes
CLA21U01B-Q11_11.jpg,No
88041F011-M11_10.jpg,No
PE321G02I-Q11_13.jpg,No
PE321G03H-K11_2.jpg,No
TO221G095-A11_5.jpg,No
WD221U0CY-L11_2.jpg,Yes
D5721I01Q-K11_2.jpg,No
CAW42F005-Q11_15.jpg,No
RI021001J-M11_10.jpg,Yes
M4R21G009-M11_2.jpg,No
FI021U00O-E11_9.jpg,Yes
KRB21U005-Q11_10.jpg,No
WL521G04C-Q11_11.jpg,No
NAA21G00X-A11_2.jpg,No
7E021U01L-L11_10.jpg,No
MN822T003-K11_15.jpg,No
TO721G058-N11_15.jpg,No
HE641F009-Q11_14.jpg,Yes
M9121G0U3-Q11_2.jpg,No
AN651G06B-Q11_12.jpg,No
MQ921G00M-K11_10.jpg,No
PAX21G00Q-E11_10.jpg,No
TP721G0N0-K11_2.jpg,Yes
NEG21G00R-B11_6.jpg,Yes
P1421G02R-K13_12.jpg,No
1US21G013-A11_2.jpg,No
FAA21G011-B11_9.jpg,No
M5S21U004-Q11_9.jpg,No
VM021G01G-K11_4.jpg,No
SOA21G044-Q11_10.jpg,No
4DR21U04C-K11_2.jpg,No
M9121G0UP-J11_11.jpg,No
ONA21G01I-Q11_2.jpg,No
PQ021U01E-K11_10.jpg,Yes
IC221G01O-Q11_2.jpg,No
RI021G001-E11_6.jpg,Yes
1MY21G04G-B11_15.jpg,No
WD221U05Z-G11_10.jpg,Yes
WD221G02A-J11_2.jpg,Yes
CO121G085-Q11_10.jpg,No
ON321G0Z0-N11_14.jpg,No
PE321G033-Q11_9.jpg,No
RB021G00H-A11_13.jpg,No
IC621U019-G11_10.jpg,Yes
ON321U0G4-J11_9.jpg,No
CU721G00I-G11_9.jpg,No
B0E21G001-K11_19.jpg,No
M9121G0V0-B11_2.jpg,No
SO221G0BU-E11_4.jpg,No
DEJ21U00I-Q11_14.jpg,No
PX421G02R-K11_8.jpg,No
VE121G0UE-G11_16.jpg,No
BX021U013-K11_4.jpg,No
CE321G05P-B11_2.jpg,No
PEQ21G004-B11_10.jpg,No
BG821G01A-Q11_10.jpg,No
LI621G014-B11_9.jpg,No
PO221K00E-Q11_16.jpg,No
SO221G0AB-E11_15.jpg,No
ON321G11C-C11_7.jpg,No
P6921G01Z-Q11_5.jpg,No
PUC21U08K-J11_12.jpg,No
GLA21G007-Q11_10.jpg,No
WD221U0A3-N11_11.jpg,Yes
WD221G02E-J11_2.jpg,Yes
M9121G0TY-J11_2.jpg,No
JAM21I001-O11_2.jpg,No
M5821G07T-K11_2.jpg,No
M5S21U00A-Q11_12.jpg,No
ES421U05T-K11_2.jpg,No
BB121G02G-T11_2.jpg,No
GI221L01C-Q11_18.jpg,No
GU141F00D-Q11_7.jpg,
MA321G06X-J11_16.jpg,No
V1021U05L-Q11_7.jpg,No
ON321G0Z8-Q11_10.jpg,No
H4421G0AP-A11_11.jpg,No
4DR21U054-B11_2.jpg,No
WF521G01E-B11_14.jpg,No
H4421G0AN-B11_15.jpg,No
F2242F03M-K11_2.jpg,Yes
VE121U0AG-O11_9.jpg,No
KRB21U000-O11_5.jpg,No
CF522T010-K11_14.jpg,No
NX321G03P-Q11_2.jpg,No
AM421G00D-A11_9.jpg,No
4DR21G06Y-K11_2.jpg,No
AL521G000-P11_9.jpg,No
BM921G013-K11_5.jpg,Yes
NM321G014-K11_14.jpg,No
SC321G01I-Q11_2.jpg,No
P1421G02S-K12_main_image.jpg,No
VE121G0UV-K11_main_image.jpg,No
VA441B01L-P12_2.jpg,Yes
TAQ21G008-Q11_10.jpg,Yes
IC221G02T-B11_2.jpg,No
OA121U042-H11_9.jpg,No
PU141F03F-Q11_9.jpg,Yes
ON321G0NA-Q11_10.jpg,No
Z1721U04I-J11_2.jpg,No
SE521U042-Q11_8.jpg,No
4DR21U061-Q11_2.jpg,No
VE121U07P-J11_7.jpg,No
C0K21G00G-E11_2.jpg,No
CM021U01L-J11_2.jpg,No
WD221U07Z-N11_14.jpg,Yes
JY121U011-G11_14.jpg,No
MA321G06X-M12_18.jpg,No
1MY21U05V-I11_10.jpg,No
4DR21G06H-K11_2.jpg,No
CEE21G001-H11_4.jpg,Yes
PE121G06O-K12_7.jpg,No
MA321G078-M11_16.jpg,No
COH22T000-Q11_7.jpg,No
QS121G04V-E11_16.jpg,No
BB121G029-T11_18.jpg,No
6CA21G00H-Q11_5.jpg,No
WD221U0B7-K11_2.jpg,Yes
EL921G015-J11_8.jpg,No
JO921G017-Q11_14.jpg,No
4BE21G03T-K11_11.jpg,No
EX121G02H-T11_8.jpg,No
BB121G02Q-T11_4.jpg,No
R5921G03V-N11_6.jpg,Yes
JA222T0II-M11_2.jpg,No
S8521U057-E11_2.jpg,No
WD221U0B8-M11_14.jpg,Yes
STC21G00P-J11_2.jpg,No
FOD21G01K-Q11_7.jpg,No
H0421U01O-Q11_12.jpg,Yes
SO221U04X-M11_18.jpg,No
JAC22T02P-N11_10.jpg,No
M0V21G01E-Q11_11.jpg,No
BB121G02Y-A11_2.jpg,No
TO721G03W-Q11_17.jpg,No
SO221G0AP-E11_19.jpg,No
SU221G09H-C11_13.jpg,Yes
GID21G013-A11_4.jpg,No
4DR21U05W-N11_2.jpg,Yes
BX021G01K-J11_18.jpg,No
WD221U084-C11_13.jpg,Yes
MA321G07E-K12_2.jpg,No
CO121G087-J11_13.jpg,No
WD221U0CG-K11_2.jpg,Yes
JAC22T016-N11_9.jpg,Yes
FAA21G00Z-Q12_9.jpg,No
P1421U01O-N11_10.jpg,No
JL121G01J-K11_2.jpg,Yes
ONA21G01F-B11_13.jpg,No
WL521G04J-J11_2.jpg,No
HE622T01B-A11_9.jpg,
M9121G0TG-Q11_2.jpg,No
M3I21G07E-C11_10.jpg,No
4DR21G06Q-N11_13.jpg,No
PU122S06E-Q11_2.jpg,
PX421G030-K11_2.jpg,No
JA441F06T-K11_13.jpg,No
PU121G025-M11_8.jpg,No
PER21G001-B11_12.jpg,No
SU221U08N-Q11_13.jpg,No
4DR21U05B-Q11_2.jpg,No
VA441F02S-M11_8.jpg,Yes
AM422T002-C11_10.jpg,Yes
WL521G04O-K11_8.jpg,No
G1221U001-K11_2.jpg,No
DP721G01D-C11_2.jpg,No
SE521G05J-K11_2.jpg,No
WL521G04K-A11_2.jpg,No
M9121G0SR-K11_11.jpg,No
TO221G08S-A11_14.jpg,No
ON321U0G7-M11_2.jpg,No
Y0321G012-B11_14.jpg,No
WD221U095-E11_10.jpg,Yes
JAM22T03I-G11_2.jpg,No
DP621J00C-Q11_4.jpg,No
4DR21G06E-B11_2.jpg,No
VIP21G003-O11_9.jpg,No
IC621U00Z-L11_2.jpg,Yes
V1021G0CS-Q11_2.jpg,No
1MY21U05X-K11_10.jpg,Yes
GS121G07W-Q11_12.jpg,No
MA321G075-B11_2.jpg,No
4DR21G05T-B11_2.jpg,Yes
C7042F05A-K11_4.jpg,Yes
1MY21U04R-Q11_10.jpg,No
4DR21U01O-Q11_5.jpg,No
MOQ21G025-K11_8.jpg,Yes
S5521U015-Q11_14.jpg,
1MY21G05B-M11_2.jpg,Yes
SE521U03W-Q11_17.jpg,No
SO221G0AL-G11_16.jpg,No
CEE21U008-C11_4.jpg,No
ON321G0ZO-O11_10.jpg,No
WD221U0CZ-M11_2.jpg,Yes
JA442F064-C11_2.jpg,Yes
GU121G09T-J11_19.jpg,No
SO821G01X-G11_8.jpg,No
M9121G0T3-Q11_2.jpg,No
CM021U01T-K11_10.jpg,Yes
GU121G0A2-Q11_17.jpg,No
4DR21G06J-Q11_2.jpg,No
ES421G08S-C11_12.jpg,No
NA826N00H-I11_7.jpg,Yes
WL521G04N-A11_2.jpg,No
PU121G02E-M11_5.jpg,No
SU222T0DD-C11_11.jpg,Yes
IV421G01J-J11_6.jpg,No
BB121G02S-H11_2.jpg,No
S0521U004-J11_4.jpg,Yes
Z1721I080-B11_2.jpg,No
MF921G01O-K12_6.jpg,No
BM921U01J-K11_10.jpg,No
NAA21G00T-O11_14.jpg,No
PE321U01R-O11_10.jpg,No
M0822T042-O11_2.jpg,No
TH321U00D-I11_16.jpg,No
ES421G098-A11_18.jpg,No
BB121U01Q-Q11_2.jpg,No
QS121G04P-Q11_16.jpg,No
BB121U01A-Q11_17.jpg,No
VE121G0UN-C11_8.jpg,No
DP521G098-T11_11.jpg,No
SOA21G04V-Q11_13.jpg,No
JC421G00Q-B11_9.jpg,No
STG21G02H-K11_15.jpg,No
PU121G02V-A11_5.jpg,No
TI521G01I-A11_6.jpg,No
STG21G02G-Q11_10.jpg,No
VE121G0T6-K11_13.jpg,No
BAW21U01D-A11_7.jpg,No
S8521G0D4-K11_13.jpg,No
BEJ21G04O-B11_15.jpg,No
C2V21000Z-Q11_8.jpg,No
SC322T04F-A11_17.jpg,Yes
HU721U01R-O11_7.jpg,
PUC21U06M-N11_16.jpg,No
ONA21I00N-C11_2.jpg,No
PUC23L000-K12_2.jpg,No
4DR21U05H-M11_2.jpg,No
STG21U00N-Q11_2.jpg,No
WD221U034-K11_5.jpg,Yes
RB021G00V-C11_2.jpg,No
FO521U004-Q11_2.jpg,Yes
A0F21U01B-B11_8.jpg,No
ON321U0GT-J11_2.jpg,Yes
ON321G0Z7-I11_2.jpg,No
C2342F03Z-K11_13.jpg,Yes
TP721U07S-A11_12.jpg,No
MA321G07E-K11_10.jpg,No
PE321U01Q-Q11_16.jpg,No
PA941F02O-O11_10.jpg,Yes
PE121G06H-B11_2.jpg,No
P6921G023-O11_9.jpg,No
BRH22T03Q-N11_9.jpg,Yes
UT421U00G-Q11_12.jpg,No
WEB21G02B-C11_8.jpg,No
DE121G045-A11_6.jpg,No
P2121U00V-K11_10.jpg,No
BB121G02A-T11_2.jpg,No
DR221K001-K11_10.jpg,No
BO721G00L-A11_9.jpg,No
1MY21G04A-G11_15.jpg,No
4DR21G06G-K11_2.jpg,No
PUC21U08K-C11_15.jpg,
TO221G08B-K11_8.jpg,No
ONA21G00N-K11_8.jpg,No
NA621G02E-Q11_11.jpg,Yes
BEJ21G04T-J11_18.jpg,No
TOL21G006-Q11_9.jpg,No
OB121G04P-B11_7.jpg,No
A0Q21G01D-Q11_2.jpg,No
C0421G01D-C11_18.jpg,No
MW721G00Z-G11_2.jpg,No
AM421U002-I11_11.jpg,No
PUC21G05N-B11_19.jpg,No
WA221G027-K11_4.jpg,No
CE321G05Q-M11_2.jpg,
VE121G0R5-K11_14.jpg,No
L4221G03G-Q11_6.jpg,No
P6822T01B-Q11_14.jpg,Yes
WD221U08S-J11_13.jpg,Yes
OB121G04E-H11_4.jpg,No
WD221U0CE-G11_2.jpg,Yes
SIE21G014-C11_7.jpg,No
DOA21G00S-C11_8.jpg,No
OB121U01J-K11_2.jpg,Yes
WD221G023-J11_11.jpg,Yes
GS121G089-K11_5.jpg,No
SU221G0CK-Q11_9.jpg,No
TO122T05Q-A11_10.jpg,No
KA321G03Z-B11_8.jpg,No
SOA21U02H-H11_16.jpg,No
21B21L00D-Q11_12.jpg,No
OLC21J00H-A11_2.jpg,No
WD222T02M-K11_12.jpg,Yes
Y0121U045-A11_14.jpg,No
TP721G0N6-J11_5.jpg,No
TAQ21G00E-K11_13.jpg,No
DEJ21U00K-K11_14.jpg,Yes
GW121G02Q-O11_2.jpg,No
DH521G00G-Q11_2.jpg,No
M9121G0TH-Q11_15.jpg,No
C7641F00B-Q11_4.jpg,No
FF221U03H-C11_10.jpg,No
STG21G02A-K11_9.jpg,No
PUC21U068-F11_12.jpg,Yes
WHF21G003-E11_8.jpg,No
KRB21U008-Q11_13.jpg,No
AP221G000-G11_10.jpg,No
BEJ22T03A-E11_17.jpg,Yes
4DR21U03Q-G11_11.jpg,No
LE222T029-B11_9.jpg,Yes
PX421G02P-K11_8.jpg,No
VIQ21G001-I11_9.jpg,No
1MY21U06H-B11_2.jpg,No
1MY21G054-K11_2.jpg,No
Z1721G00F-K11_12.jpg,Yes
PUC21G04X-B11_13.jpg,No
L0642F01B-K11_11.jpg,Yes
SU222T0GA-K11_2.jpg,Yes
SO221U04S-Q11_15.jpg,No
IC621U018-K11_10.jpg,Yes
LE221G043-M11_5.jpg,No
KH121G0C4-G11_18.jpg,No
4DR21G05D-G11_14.jpg,No
Y0121G03H-M11_8.jpg,No
QS121U02U-E11_15.jpg,Yes
SQ621U01F-G11_6.jpg,No
S8521G0D3-I11_15.jpg,Yes
RE021G012-G11_5.jpg,No
MSA21U00N-K11_12.jpg,Yes
BA221G04L-C11_14.jpg,No
F0821G00F-K11_14.jpg,No
RB021G00T-B11_11.jpg,No
ON321U0A1-I11_11.jpg,No
SOA21G04Q-Q11_17.jpg,No
GI221U032-O11_17.jpg,No
CL321G00T-K11_8.jpg,No
QS121U021-G11_19.jpg,No
TO221U03W-K11_17.jpg,No
PE321G012-J13_8.jpg,No
VEI21G001-T11_7.jpg,No
M5S21U006-B11_2.jpg,No
L0S21U00Q-Q11_8.jpg,Yes
ON321G10E-A11_9.jpg,No
KA321U00X-J11_2.jpg,No
TO222T06R-A11_15.jpg,No
EI421G00T-T11_6.jpg,No
C1V21G002-K11_2.jpg,No
TO221G08F-K11_2.jpg,No
RI521G02H-M11_2.jpg,No
1MY21U04R-M11_10.jpg,No
BB121G02K-A11_2.jpg,No
WD222T027-G11_10.jpg,Yes
4DR21U05W-K11_2.jpg,Yes
1MY21U05G-K11_12.jpg,Yes
OA121U03Y-B11_16.jpg,No
PY021G00X-A11_5.jpg,No
OP421G032-C11_2.jpg,No
TAQ21G009-K11_11.jpg,Yes
ONA21U016-H11_7.jpg,No
TH321U00H-Q11_12.jpg,No
KS821G018-K11_2.jpg,No
SO221U07K-B11_15.jpg,No
DAP21I00M-B11_11.jpg,No
C2341F03F-N11_13.jpg,No
S3821U01I-M11_7.jpg,No
ON321G13T-A11_2.jpg,No
1MY21G05H-T11_2.jpg,No
HOX21G005-E11_8.jpg,No
TO721U02I-M11_8.jpg,Yes
KT041F012-A11_11.jpg,Yes
MA321G07C-J11_8.jpg,No
BB121G026-M11_18.jpg,No
TD022T013-K12_14.jpg,Yes
WD221U0AA-K12_15.jpg,Yes
4DR21G069-N11_2.jpg,Yes
1MY21G03Q-G11_15.jpg,Yes
ON321G12Y-G11_15.jpg,No
BB121U01T-Q11_2.jpg,No
IC221G02L-Q11_7.jpg,No
4DR21G067-O11_2.jpg,No
DI121G03X-Q11_2.jpg,No
M5921G03T-B11_7.jpg,No
SU221U08P-H11_8.jpg,Yes
NEG21G002-A11_2.jpg,No
TO721G050-K11_8.jpg,No
TW321G00A-A11_8.jpg,No
F2121G00N-K11_2.jpg,No
HZ121G002-B11_8.jpg,No
WD221U069-K11_10.jpg,Yes
KAN21G001-A11_2.jpg,No
M0Q21G06P-K11_2.jpg,No
NN922T00I-K11_11.jpg,No
JA442F064-N12_2.jpg,Yes
TD022T014-K11_2.jpg,No
MK121G01Q-K11_2.jpg,No
1MY21G03R-J11_14.jpg,
CM021U01M-C11_8.jpg,No
TO721G057-K11_14.jpg,No
CR221G02V-J11_2.jpg,No
FF221U03B-E11_11.jpg,Yes
JA222T0KM-Q11_2.jpg,No
GE221U013-O11_13.jpg,No
ON321U0FX-O11_7.jpg,No
D1841F01B-A11_9.jpg,Yes
SOA21G040-K11_16.jpg,No
SO221G0BC-K11_7.jpg,No
KH121G09N-K11_9.jpg,No
1MY21G03N-J11_10.jpg,No
WD221G01Y-L11_2.jpg,Yes
GI221U038-O11_16.jpg,No
UR621G00W-K11_12.jpg,No
FOP21G000-Q11_2.jpg,No
1MY21G03Y-B11_13.jpg,Yes
4T021G01C-E11_2.jpg,No
WD221G021-M11_16.jpg,Yes
IV321G008-Q11_2.jpg,No
ON321U0F6-Q11_2.jpg,No
KH122T0B2-N11_18.jpg,Yes
ON321I1PK-M11_16.jpg,No
4DR21G06V-K11_2.jpg,No
PAX21G00F-E11_2.jpg,No
F0821G01O-K11_10.jpg,No
UR621G029-N11_8.jpg,No
SO222T050-K11_17.jpg,Yes
QS121U02P-G11_7.jpg,Yes
RIJ21G00A-B11_10.jpg,No
NEG21G002-K11_5.jpg,No
JAC22T02J-Q11_10.jpg,Yes
MF921G03X-Q11_5.jpg,No
STC21G00U-A11_10.jpg,No
SC321G02D-G11_19.jpg,No
1MY21G04O-Q11_2.jpg,No
B1742F029-A11_8.jpg,No
ES421G091-K11_18.jpg,No
PUC21U06P-J11_10.jpg,No
KJ141F01A-J11_10.jpg,No
TP721G0MQ-K11_9.jpg,No
RIE21G00E-O11_10.jpg,No
IL121U012-H11_9.jpg,No
AD121G08V-Q11_2.jpg,No
GS121G08C-K13_2.jpg,No
WD221U04K-E11_5.jpg,Yes
CK441G002-K11_7.jpg,No
P6822T01U-C11_2.jpg,Yes
M9121U0PO-O11_2.jpg,No
WD222T02M-C11_14.jpg,Yes
PO221E07J-M11_11.jpg,No
CK441F006-K11_5.jpg,Yes
CE641F009-B11_4.jpg,Yes
WD221U0BO-K11_2.jpg,Yes
JL141F03D-J11_7.jpg,No
GS121G07S-Q11_19.jpg,No
1FN21U028-Q11_10.jpg,No
VE121G0V6-C11_18.jpg,No
TP721U08B-Q11_6.jpg,No
M7341F01Z-C11_2.jpg,Yes
SC321G01J-K11_9.jpg,No
JC421U00B-K11_12.jpg,Yes
WD221U063-P11_10.jpg,Yes
OU221G00Z-B11_14.jpg,No
H4421U05O-K11_11.jpg,No
M0Q21G06W-A11_2.jpg,
PUC21U06K-K11_18.jpg,No
H4421G0AF-Q11_2.jpg,No
PE321G03A-A11_4.jpg,No
TH322T004-E12_13.jpg,No
JA441F06V-K11_9.jpg,Yes
OY221U003-J11_16.jpg,Yes
IL121U016-K11_12.jpg,Yes
ONA21G01M-B12_2.jpg,No
CLG21G00F-Q11_11.jpg,No
M6121E02T-G11_11.jpg,No
PB721U00T-Q11_10.jpg,No
S0521U000-K11_5.jpg,Yes
SO221G0BU-A11_10.jpg,No
TO221G08R-K12_12.jpg,No
WD221G023-K11_2.jpg,Yes
F2121U00H-K11_2.jpg,No
RAC21G004-Q11_5.jpg,Yes
WD221G01P-K11_2.jpg,Yes
JY121U020-A11_11.jpg,Yes
M5921U01E-Q11_14.jpg,No
VE121U07V-K11_17.jpg,No
B0M21G003-J11_8.jpg,No
M9121G0VF-K11_2.jpg,No
RB021G00M-B11_11.jpg,No
OND21G01A-K11_10.jpg,Yes
C7041F06C-H11_14.jpg,Yes
S8521U055-M11_15.jpg,No
WR121G01R-T11_7.jpg,No
GI221U03B-J11_12.jpg,No
KH122T0AZ-C11_14.jpg,Yes
GW121G02F-K11_6.jpg,No
C2P21U00A-K11_10.jpg,No
PC721G02V-G11_9.jpg,No
TAQ21G00E-I11_10.jpg,No
JY121G03R-Q11_4.jpg,No
4DR22T02M-K11_2.jpg,Yes
TO221U046-B11_main_image.jpg,Yes
GS122T09L-G11_8.jpg,Yes
TON41F004-Q11_9.jpg,Yes
JEG42F002-H11_2.jpg,Yes
C7041F07U-K11_7.jpg,Yes
TO121G05B-J11_7.jpg,No
TH341F090-E11_9.jpg,Yes
TI521G01A-P11_16.jpg,No
DC122T01I-H11_10.jpg,Yes
J3221G000-G11_2.jpg,Yes
EA721U005-Q11_7.jpg,No
MQ921G00O-A11_9.jpg,No
DI621G00D-A11_2.jpg,No
PE321G012-K14_8.jpg,No
VE121G0U7-K11_8.jpg,No
JR421G02V-E11_2.jpg,No
NI121J0DL-I11_12.jpg,Yes
BB121U01V-K11_2.jpg,No
Y0121G03M-A11_14.jpg,No
1US21E03A-N11_2.jpg,No
ON321G10L-C11_7.jpg,No
C1A22T00J-Q11_2.jpg,Yes
VE121G0UU-Q11_14.jpg,Yes
VE121G0UN-J11_2.jpg,No
BEJ21G05M-A11_13.jpg,No
TP721G06C-Q11_16.jpg,No
1MY21U06U-K11_2.jpg,Yes
CO121I0HH-B11_2.jpg,No
S8521G0DD-J11_13.jpg,No
M5S21G00G-H11_7.jpg,No
ON321G10P-H11_2.jpg,No
ON321G11T-C11_8.jpg,No
PUC21G06C-K11_15.jpg,No
JL121G01R-C11_17.jpg,No
WP021G01L-Q11_4.jpg,No
SU222T0BT-K11_2.jpg,Yes
TO721G051-K11_14.jpg,No
TE421G01M-J11_6.jpg,No
WD221G01R-E11_11.jpg,Yes
VM421U07P-Q11_2.jpg,Yes
PUC21U07F-Q11_16.jpg,No
UT021G009-Q11_12.jpg,No
E1621U00D-Q11_4.jpg,No
S8521U04S-J11_15.jpg,Yes
EI421G00O-T11_8.jpg,No
IN321G010-G14_11.jpg,No
JA222T0I9-Q11_10.jpg,Yes
JY121A05G-K11_9.jpg,No
M9121G0TC-K11_2.jpg,No
WA221G020-Q11_7.jpg,No
RIJ21U009-O11_2.jpg,No
OA121Q009-Q11_14.jpg,
VM021G01J-C11_8.jpg,No
VE121U0BV-O12_13.jpg,No
BL522T044-M11_2.jpg,
QS121G047-Q11_19.jpg,No
R0051G01C-B12_10.jpg,No
M5821G07J-G11_15.jpg,No
TD021U01J-K11_11.jpg,Yes
PS921G001-I11_6.jpg,No
ED121U051-K11_2.jpg,Yes
ON321U0FK-M11_13.jpg,No
PE121G06J-K11_8.jpg,No
QS121G046-K11_19.jpg,No
VE121G0VG-C11_14.jpg,Yes
M9121G0TR-A11_2.jpg,No
STG21G02N-M11_main_image.jpg,No
DI541F025-K11_14.jpg,Yes
RB021G00F-C11_2.jpg,No
WD221U08B-E11_10.jpg,Yes
4HI21U000-C11_5.jpg,No
SU222T0I5-Q11_11.jpg,Yes
RB021U00A-Q11_13.jpg,No
WD222T045-K11_2.jpg,Yes
BO721U034-K11_12.jpg,No
SC321G02Q-Q11_11.jpg,No
IC141F0BF-N11_9.jpg,Yes
KA321G03V-Q11_2.jpg,No
RI021G001-Q11_18.jpg,Yes
L4822T00H-K11_9.jpg,No
GW121G02I-B11_6.jpg,No
ON321U0GO-K11_2.jpg,No
PUH21G00E-T11_2.jpg,No
BB121G01Y-T11_2.jpg,No
TO221G084-Q11_14.jpg,No
MX921G015-K11_15.jpg,No
NI1210002-K11_2.jpg,No
TO221G081-K11_13.jpg,No
KS821G01A-C11_2.jpg,No
WD222T03Y-K11_2.jpg,Yes
MK121U01I-G11_9.jpg,No
JAM22T03U-K11_2.jpg,No
GW121G02S-A11_7.jpg,No
TO221U02Z-A11_17.jpg,Yes
FF221U03A-G11_10.jpg,Yes
SU221U08T-N11_10.jpg,Yes
1LJ21G00I-E11_5.jpg,No
C3A21G002-O11_7.jpg,No
SU222T0F4-Q11_2.jpg,Yes
EL922T027-K11_14.jpg,No
VEB21G016-K11_2.jpg,No
Z1721U03Y-K11_7.jpg,No
DI622H002-Q11_8.jpg,No
GI221G03J-E11_14.jpg,Yes
4JO21U01U-F11_2.jpg,Yes
ON321G103-B11_2.jpg,No
PY021G011-A11_6.jpg,No
VE121G0LQ-M14_12.jpg,No
LE221G046-N11_10.jpg,No
AD121G08M-G11_2.jpg,Yes
BO722T02I-K11_4.jpg,Yes
BO721U034-Q11_6.jpg,No
OM321G00J-Q11_13.jpg,No
PUC21U07L-G11_18.jpg,
P6821U002-J11_15.jpg,No
JY121A05G-E11_2.jpg,No
IC221G02O-T11_2.jpg,No
TAB21U003-C11_2.jpg,Yes
1MY21U05C-N11_10.jpg,No
WL521G04H-K11_2.jpg,No
VE121G0UF-Q11_13.jpg,No
GID21G013-Q11_2.jpg,No
TP721U086-B11_6.jpg,No
WEB21G026-A11_9.jpg,No
ON321G10W-K11_12.jpg,No
BR321G00Q-K11_9.jpg,No
ROF21G006-J11_2.jpg,No
FO521U004-I11_2.jpg,Yes
SO221I13O-A11_12.jpg,No
WD221U04R-E11_10.jpg,Yes
BM921U01I-K11_9.jpg,No
EA721U006-Q11_11.jpg,Yes
TO122T05N-A11_2.jpg,Yes
AD121G09H-K11_6.jpg,Yes
MB121G01Y-B11_10.jpg,No
PE121G06P-K11_4.jpg,No
WR821G003-Q11_10.jpg,No
M0U21G01A-J11_12.jpg,No
ON321U0EO-M11_2.jpg,Yes
BG821G01D-Q11_7.jpg,Yes
TD021U01E-D11_9.jpg,No
TO221G09E-B11_13.jpg,No
WD222T042-Q11_12.jpg,Yes
Z1721G05T-M11_2.jpg,No
WEB21G027-B11_9.jpg,No
ON321G10Y-K11_2.jpg,No
NL721G01K-Q11_6.jpg,No
1FI21G00M-K11_2.jpg,No
TH322T007-M11_2.jpg,Yes
SOA21G04A-Q11_14.jpg,No
QS121G051-E11_14.jpg,No
ON321G11A-J11_12.jpg,No
M9121G0TY-O11_2.jpg,No
AD121G08E-A11_2.jpg,No
1MY21U06R-B11_2.jpg,Yes
4DR21G056-C12_5.jpg,No
LT121G033-A11_2.jpg,No
PUC21U06H-A11_15.jpg,No
1MY21G048-J11_10.jpg,No
1US21I048-B11_2.jpg,No
CL321G00U-K11_8.jpg,No
ON321U0FW-G11_11.jpg,No
1MY21U059-Q11_10.jpg,No
Z1721U03T-G11_5.jpg,No
1MI22T00Z-K11_10.jpg,No
THA21U011-G11_11.jpg,No
ED121G05A-K11_18.jpg,No
V1021G0E1-G11_2.jpg,No
C2P21U009-Q11_10.jpg,No
TD022T016-K11_2.jpg,No
V1021I10F-A11_5.jpg,No
PEO22T00M-K11_7.jpg,No
NM321G069-O11_15.jpg,No
SQ621G01V-J11_2.jpg,No
GU141F00E-J11_8.jpg,No
ES421G091-K12_17.jpg,No
MMA21G008-Q11_5.jpg,No
ALK22T00F-Q11_5.jpg,Yes
CF522T00U-G11_9.jpg,Yes
XC021U00M-K11_6.jpg,No
V1021G0B3-J11_2.jpg,No
S3821G018-K11_2.jpg,No
CE321U02S-E11_2.jpg,No
IC141F0B7-K11_5.jpg,Yes
KH121G0A6-B11_9.jpg,Yes
M9121G0US-B11_10.jpg,No
YC021I000-G11_18.jpg,No
MOL21G002-K11_6.jpg,No
WD222T03I-Q11_15.jpg,Yes
DE121G03Q-K11_9.jpg,No
FF221U03L-E11_10.jpg,Yes
ON321U0G5-A11_2.jpg,No
GW121U01M-B11_6.jpg,No
WR122T017-K11_2.jpg,Yes
P6921G01Z-A11_11.jpg,No
RIF21G00K-Q11_10.jpg,No
TH322T005-J12_9.jpg,No
MA321G06W-A11_2.jpg,No
BAW21G00E-K11_10.jpg,No
1FN21L01A-Q11_18.jpg,No
4DR21U03R-G11_16.jpg,Yes
OA221G01X-S11_2.jpg,No
VE121G0SP-Q11_17.jpg,No
M7341F00Y-Q11_2.jpg,Yes
SU221G0BT-K11_10.jpg,No
SU221G08Q-G11_1.jpg,Yes
C1E21G02Z-G11_8.jpg,No
1RP21G00C-E11_10.jpg,No
ECC21G006-Q11_2.jpg,No
BF521U014-J11_10.jpg,No
10221G001-K11_10.jpg,No
1MY21U06G-O11_2.jpg,No
IN321G01P-O11_2.jpg,No
BAW21U01C-K11_2.jpg,Yes
M7341F00Y-G11_2.jpg,Yes
OA121U04S-M11_8.jpg,No
SOA21U02G-O11_17.jpg,No
1MY21G04L-M11_2.jpg,No
WHF21G000-K11_7.jpg,No
BG821U009-J11_13.jpg,No
RE321G02T-Q11_13.jpg,No
VM421G08U-Q11_15.jpg,No
NAH22T009-K11_10.jpg,Yes
E7721U03V-Q11_14.jpg,Yes
PE321G02N-A11_2.jpg,No
ON321U09U-M12_2.jpg,Yes
NL021G08V-Q11_2.jpg,No
BG821J006-C11_6.jpg,No
1MY21G04M-N11_2.jpg,No
CR221G01K-J12_15.jpg,No
UNK21G00P-M11_4.jpg,No
WD221U0CS-K11_4.jpg,Yes
M9121U0QA-K11_2.jpg,No
BG821J007-Q11_11.jpg,No
1MY21U06L-K11_2.jpg,Yes
ON321U0G8-D11_2.jpg,Yes
MQ921G00N-Q11_10.jpg,No
SQ621I03P-K11_6.jpg,No
BB122T099-H11_2.jpg,Yes
KH121G0C3-E11_13.jpg,Yes
C2341F02X-J12_11.jpg,Yes
KT041F010-J11_9.jpg,No
AM421J00A-A11_11.jpg,Yes
SE521G05A-O11_2.jpg,No
WD221U0A3-G11_11.jpg,Yes
ON321G0ZP-Q11_7.jpg,No
SO921G00H-G11_8.jpg,No
ON321G10Y-M11_2.jpg,No
K4821G00W-Q11_2.jpg,No
Y0321G016-B11_2.jpg,No
JY121G042-A11_2.jpg,No
B0E21G004-B11_2.jpg,No
BO722T02R-C11_16.jpg,Yes
UNK21G00O-M11_2.jpg,No
BB121G032-A11_18.jpg,No
TOB21U02M-Q11_6.jpg,Yes
BQ021G004-A11_10.jpg,No
Z1721G057-G11_2.jpg,Yes
ON321G0XB-O12_15.jpg,No
ON321U05T-E11_15.jpg,Yes
ON321U0FX-M11_5.jpg,No
4DR21G05J-A11_15.jpg,No
ED121G053-K11_16.jpg,No
SOA21G04B-Q11_14.jpg,No
SO821G01E-J11_9.jpg,No
M4R21G00A-A11_9.jpg,No
PUC22T0E0-Q11_2.jpg,Yes
ON321G11Y-Q11_2.jpg,No
SQ621G01J-K11_2.jpg,No
FF221U03C-A11_10.jpg,Yes
FOD21G01L-Q11_4.jpg,No
SOA21G04T-B11_16.jpg,No
SO222T06Q-E11_10.jpg,Yes
1MY21G04H-B11_2.jpg,No
EDD21E044-Q11_2.jpg,No
F2121U00J-A11_2.jpg,No
AP221G001-Q11_10.jpg,No
1MY21G03R-K11_19.jpg,Yes
NM321U020-H11_14.jpg,Yes
JY121G02R-M11_19.jpg,No
ON321G12K-I11_2.jpg,No
AD121G08D-G11_4.jpg,No
FP021G01I-N11_7.jpg,No
1MY21U06T-K11_2.jpg,Yes
DIP21G001-C11_16.jpg,No
ES121G0AJ-B11_18.jpg,No
SO221I114-Q11_12.jpg,No
OB121U02R-O11_8.jpg,No
JC521G001-Q11_2.jpg,No
NA521G030-Q11_7.jpg,No
4DR21G06P-G11_2.jpg,No
AD121G087-K11_12.jpg,No
WD221U0BU-E11_18.jpg,Yes
DOA21G00W-Q11_5.jpg,No
ON321G135-K11_2.jpg,No
R2341F055-Q11_12.jpg,No
TD021U01C-E11_14.jpg,Yes
4AP21U00S-J11_10.jpg,No
Y0121G03A-Q11_13.jpg,No
GW121G02S-K11_2.jpg,No
ONA21G00L-I11_8.jpg,No
VEE21U00Z-K11_8.jpg,No
TH341F06X-K12_2.jpg,Yes
WD222S00O-C11_14.jpg,Yes
JA222T0II-E11_2.jpg,No
M3I21G07F-F11_3.jpg,No
UN241F02O-K11_6.jpg,No
GS121G08C-K12_6.jpg,No
P1421G02S-Q11_9.jpg,No
KK121G00K-K11_2.jpg,No
IV321G00G-K11_13.jpg,No
UR621G026-H11_2.jpg,Yes
T3741F00A-C11_8.jpg,No
MQ921U01O-O11_11.jpg,No
BM921G018-M11_10.jpg,No
GID21G014-N11_12.jpg,No
AL521O000-Q11_12.jpg,No
JAM22T042-Q11_2.jpg,No
ES121U09R-Q11_2.jpg,Yes
TA441G00H-A11_4.jpg,No
1MY21U06V-G11_2.jpg,No
EX121G02I-B11_7.jpg,No
QS121U021-K11_8.jpg,No
1US21G00V-Q11_2.jpg,No
CO121I035-O11_14.jpg,No
P6921G020-K11_2.jpg,No
AD541F051-Q11_12.jpg,No
M5S21G002-A11_9.jpg,No
TE421G01K-Q11_11.jpg,No
MW721G00Y-Q11_7.jpg,No
VEI21U004-T11_9.jpg,Yes
1MY21U05D-J11_10.jpg,No
WL521G049-K11_7.jpg,No
ON321U0FV-B11_2.jpg,No
DI522T007-N11_12.jpg,Yes
CEE21G001-S11_4.jpg,Yes
WD221U08D-M11_10.jpg,Yes
JU021U01J-C11_10.jpg,No
WD222T02A-Q11_13.jpg,No
CM021G004-N11_15.jpg,Yes
M3I21G07B-B11_3.jpg,No
SO221G0AN-G11_18.jpg,No
BA222T01K-G11_14.jpg,No
TH341F07T-E11_9.jpg,Yes
SE521G050-Q11_2.jpg,No
ON321G10D-C11_15.jpg,No
WHF21G003-A11_2.jpg,No
PUC22T0E0-E11_2.jpg,Yes
ON321U095-E11_1.jpg,No
EW221U01L-Q11_11.jpg,No
SU221G0AY-J11_2.jpg,Yes
MF921G03V-J11_8.jpg,No
1MY21U045-G11_10.jpg,Yes
WD221U08E-K11_10.jpg,Yes
R0622T01M-K12_8.jpg,No
KS821G016-B11_10.jpg,No
C2341F03A-B11_14.jpg,Yes
NM321U01K-C11_14.jpg,No
EL922T024-Q11_6.jpg,
ES121G0A1-K11_16.jpg,No
MSA21G00M-K12_12.jpg,No
SIE21G01C-Q11_10.jpg,No
S8521G0DO-K11_2.jpg,No
F0821G00C-A11_2.jpg,No
NA823L0GP-E11_2.jpg,No
L4221G03G-A11_13.jpg,No
S8521G0DA-Q11_14.jpg,No
UNK21G00M-E11_10.jpg,No
ON321G11P-B11_10.jpg,No
AD541F0F5-Q11_2.jpg,No
R5921G03P-Q11_11.jpg,Yes
JC621G006-A11_5.jpg,No
BY121G00M-Q11_13.jpg,No
WD221U0C6-G11_2.jpg,Yes
WD221U0C2-K11_2.jpg,Yes
LY242F00I-K11_7.jpg,Yes
LU941F03T-K11_9.jpg,No
GW121G02E-K11_6.jpg,No
GI221U03L-O11_12.jpg,No
OA121U040-G11_9.jpg,No
JY121G03K-Q11_10.jpg,No
LI621U004-J11_15.jpg,No
4DR21U02X-J11_10.jpg,No
KL221G004-K11_7.jpg,No
S8521G0DN-O11_2.jpg,No
SC321G02Q-Q11_12.jpg,No
GS121G07X-K11_2.jpg,No
KA321K008-C12_12.jpg,No
SOA21G051-G11_12.jpg,No
ON321G10G-M11_9.jpg,No
DP721G018-M11_2.jpg,No
TH342F03H-Q11_12.jpg,
PUC21G071-N11_8.jpg,Yes
PO221G02F-A11_6.jpg,No
MA321G072-K12_11.jpg,No
SO221G0B9-K11_2.jpg,No
OM321G005-N11_17.jpg,No
C2342F01B-Q11_14.jpg,Yes
WD221U077-J11_10.jpg,Yes
7E021U00V-O11_10.jpg,No
SO221G0AF-E11_14.jpg,No
FAA21G016-H11_11.jpg,No
JY121G042-J11_2.jpg,No
ON321G0Y8-Q11_2.jpg,No
WD221U08P-E11_10.jpg,Yes
SE521G05B-Q11_9.jpg,No
M7521G00M-Q11_2.jpg,No
WD221U0C7-J11_13.jpg,Yes
PX421G01H-K11_2.jpg,No
QX721U009-K11_4.jpg,Yes
IL121U014-J11_9.jpg,Yes
PO221G02D-Q11_16.jpg,No
RB021G00E-C11_15.jpg,No
WD221S000-E11_2.jpg,Yes
BG822G004-K11_11.jpg,No
VE121G0TM-Q11_4.jpg,No
GS121G07V-K11_7.jpg,No
HOP21G00N-K11_8.jpg,No
7E021U00F-G11_10.jpg,No
GW121G02C-Q11_6.jpg,No
WD221U0C7-M11_2.jpg,Yes
JU021G00F-B11_11.jpg,Yes
WD222T03D-K11_2.jpg,Yes
TO221G09H-N11_18.jpg,No
KA321U00V-Q11_2.jpg,No
Y0121G03C-Q11_2.jpg,No
1FN21U024-J11_10.jpg,No
WD221U0CL-K11_15.jpg,Yes
SO222T06Q-M11_10.jpg,Yes
SC321G02Z-K11_10.jpg,No
TAB21U003-Q11_2.jpg,Yes
SO221U072-M11_9.jpg,Yes
MA322T075-K11_16.jpg,Yes
MA322T076-K11_12.jpg,Yes
TO221U04D-N11_6.jpg,No
F2241F04P-A11_2.jpg,No
P1421G031-Q11_10.jpg,No
WD222S00O-N11_10.jpg,Yes
1MY21G049-B11_10.jpg,No
RI021001J-B11_8.jpg,Yes
CL321G00Q-J11_10.jpg,No
4DR22T025-Q11_10.jpg,Yes
RB021G00Q-A11_15.jpg,No
CE321G05R-H11_2.jpg,No
VE121G0V7-K11_18.jpg,No
M0Q21G06I-K11_8.jpg,No
TP721G0MK-M11_8.jpg,No
SU221G0AW-J11_2.jpg,Yes
ON321G10R-J11_16.jpg,Yes
4BE21G03Y-K11_8.jpg,No
M0Q21G073-B11_12.jpg,No
AL521G004-I11_6.jpg,No
WD222T02V-Q11_10.jpg,Yes
1MY21G04Q-K11_11.jpg,No
WD221U0BC-G11_2.jpg,Yes
1MY21I020-M11_12.jpg,No
CRF21U003-K11_14.jpg,No
MW721G00W-J11_11.jpg,No
DR221G018-K11_7.jpg,No
ON321U0F7-Q11_17.jpg,No
BG821G015-Q11_10.jpg,No
BG821G017-M11_10.jpg,No
ZZLR7G042-E11_6.jpg,No
ES421G08Z-P11_5.jpg,No
WL521G049-A11_9.jpg,No
VA441F03F-A11_10.jpg,No
1MY21U05C-Q11_10.jpg,No
WD221U06F-K11_15.jpg,Yes
ON321G109-G11_2.jpg,No
ON321G0ZX-I11_7.jpg,No
VE121G0VD-K11_2.jpg,No
SA541F02P-N11_9.jpg,Yes
SQ621G01Q-G11_6.jpg,No
NU121G01V-K11_4.jpg,Yes
S5521G031-Q11_18.jpg,No
BB121G02S-K11_17.jpg,No
MSA21G00O-Q11_18.jpg,No
TO721G04Y-Q11_15.jpg,No
K4821G00W-A11_14.jpg,No
4DR21G06M-B11_2.jpg,No
ONA21G01C-M11_2.jpg,No
C7041F07W-M11_2.jpg,No
PUC21U057-G13_12.jpg,No
BEJ21G04S-E11_13.jpg,No
AD121G08V-K11_5.jpg,No
WEB22D02M-Q11_6.jpg,No
WD221U0BM-E11_2.jpg,Yes
CI121G012-K11_12.jpg,No
WD221U0AW-J11_13.jpg,Yes
1FN21L005-Q11_2.jpg,No
ON921G00E-Q11_11.jpg,No
PX421G01H-Q11_2.jpg,No
H4421U05I-Q11_12.jpg,No
ES121U09R-M11_16.jpg,Yes
NX321G01Y-K11_16.jpg,No
ON321G0ZX-C11_2.jpg,No
KH121G0CK-K11_18.jpg,No
WD221U0BM-G11_2.jpg,Yes
SHI21U028-G11_11.jpg,No
AM421G00C-K11_2.jpg,Yes
GW121G029-H11_6.jpg,No
4DR21G06D-M11_2.jpg,No
LE221G046-A11_8.jpg,No
4DR21G06G-J11_2.jpg,No
ON321G10Y-T11_2.jpg,No
WD221U0C9-E11_11.jpg,Yes
AD121G09M-T11_16.jpg,No
TA021G03F-K11_6.jpg,No
GW121G02K-A11_2.jpg,No
VE121G0TY-O12_13.jpg,No
JY121U00Y-C13_2.jpg,No
ON321U09A-N11_6.jpg,No
DP521U04U-M11_8.jpg,No
LI621U005-Q11_13.jpg,No
1MY21G059-M11_2.jpg,No
WD221G01T-E11_2.jpg,Yes
ED121U052-Q11_14.jpg,Yes
BM921G019-K11_10.jpg,Yes
1MY21G050-M11_2.jpg,No
PA942F037-K11_2.jpg,No
M9121G0T7-O11_16.jpg,No
WD221G01Q-E11_15.jpg,Yes
WEB21G021-A11_9.jpg,No
1MY21U06I-B11_2.jpg,No
KH121G0CF-G11_18.jpg,No
LE422T01R-G11_15.jpg,Yes
0VB21G007-B11_7.jpg,No
HU341F01B-J11_8.jpg,Yes
FOD21G017-Q11_14.jpg,No
TO221U03W-M11_14.jpg,No
LE221G03M-Q11_14.jpg,No
JA222T0II-Q11_11.jpg,No
CR221G039-K11_2.jpg,No
BA221G04C-K11_9.jpg,No
M5S21G00A-B11_9.jpg,No
VE121U0BI-Q11_15.jpg,Yes
DP721U01Q-C11_2.jpg,Yes
SU221U08X-J11_5.jpg,Yes
KH122T0AZ-Q11_11.jpg,No
KH121U0U1-J11_19.jpg,Yes
THA21G020-Q11_10.jpg,No
CEE21G002-G11_4.jpg,Yes
JY121G03L-Q11_9.jpg,Yes
JL121G01T-B11_2.jpg,No
VM421G09I-A11_15.jpg,No
C2P21G00E-A11_11.jpg,No
TO221G08E-K11_7.jpg,No
PUC21U080-N11_2.jpg,No
CR221G02T-M11_2.jpg,No
WD222T03Y-G11_12.jpg,Yes
STG21G02M-K11_main_image.jpg,No
ON321G10Y-H11_17.jpg,No
M3I21U0AE-O11_13.jpg,No
4DR21U05W-O11_2.jpg,Yes
1MY21U06K-A11_2.jpg,No
WD221U0C3-M11_17.jpg,Yes
22B21G005-Q11_2.jpg,No
DP521G094-Q11_7.jpg,No
Z1721G04J-Q11_4.jpg,No
ON321G10X-K11_2.jpg,Yes
NI121G04Q-J11_10.jpg,Yes
MA321U05N-C11_18.jpg,No
ON321U0CM-O11_15.jpg,Yes
NL022T02V-K11_8.jpg,No
HU729K000-K11_6.jpg,No
1MY21U03X-K11_10.jpg,Yes
S8521G0D3-M11_2.jpg,Yes
M9121G0VL-Q11_15.jpg,No
WD221U0C4-L11_2.jpg,Yes
CY541D01S-I11_8.jpg,No
WD221U0D0-M11_2.jpg,Yes
WD221G025-J11_2.jpg,Yes
M9121G0VE-J11_2.jpg,No
JA441F05E-N12_2.jpg,No
4DR22T03K-M11_2.jpg,Yes
FI921G004-B11_14.jpg,No
WD221U0D4-E11_2.jpg,Yes
DR221G01A-K11_9.jpg,No
SO222T05Y-G11_15.jpg,Yes
MI422H018-K11_12.jpg,No
SIE21G011-J11_7.jpg,No
S4322T03X-K11_7.jpg,No
PC721G02W-K11_15.jpg,No
4DR22T03K-K11_2.jpg,Yes
FOD21G01I-K11_8.jpg,No
L4221G03H-Q11_7.jpg,No
F2121G00T-N11_11.jpg,No
4DR22T02N-Q11_2.jpg,Yes
OM321G005-G13_18.jpg,No
1MY21G051-K11_2.jpg,No
PA941F02P-C11_4.jpg,No
SC321G02W-Q11_13.jpg,No
ON321U09U-M13_2.jpg,Yes
M5921U01O-K11_10.jpg,No
WD221U07K-M11_10.jpg,Yes
WD221U08U-Q11_12.jpg,No
VM421U081-E11_14.jpg,No
ON321G12N-C11_2.jpg,No
RB022T00T-K11_11.jpg,No
AD121G094-Q11_14.jpg,No
WD221G01W-Q11_2.jpg,Yes
1MY21U063-N11_10.jpg,No
AN651G066-K11_2.jpg,No
A0F21U01E-N11_10.jpg,No
SO221I142-Q11_6.jpg,No
PUC21G04W-B11_14.jpg,No
KH122T07R-K11_16.jpg,Yes
C6641F017-Q11_5.jpg,No
ON321E1PJ-A11_2.jpg,No
BF521G012-K11_8.jpg,No
PE321G02N-G11_13.jpg,No
P0E22T006-Q11_15.jpg,Yes
KRB21G001-G11_10.jpg,No
UNK21G00S-C11_8.jpg,No
R2341F055-G11_10.jpg,No
VA442F03B-G11_8.jpg,No
C7042F058-P11_7.jpg,Yes
88041F012-L11_2.jpg,Yes
DP521G08X-Q11_8.jpg,No
TO722T045-Q11_14.jpg,Yes
M9121G0TD-M11_12.jpg,No
VM421G09C-K11_17.jpg,No
M7341F021-K12_2.jpg,Yes
VE121G0SB-K11_17.jpg,No
VE121G0TX-Q11_15.jpg,No
HU721G03Q-Q11_11.jpg,No
4DR22T027-N11_10.jpg,Yes
GW121G02M-J11_2.jpg,No
PUC21G03A-B11_16.jpg,No
HOO42F00H-K11_9.jpg,No
SOA21G04S-K11_13.jpg,No
1MI22T011-Q11_12.jpg,Yes
DUA21U01C-A11_2.jpg,Yes
1US21I03R-J11_2.jpg,No
PUC21G06T-Q11_2.jpg,No
AD541F051-A11_12.jpg,No
DR221K002-K11_10.jpg,No
TO121U04T-K11_14.jpg,Yes
PUC21G075-B11_17.jpg,No
WD221G026-L11_2.jpg,Yes
C7041F06C-Q11_5.jpg,Yes
HU721G03V-G11_9.jpg,No
NX321U030-K11_16.jpg,No
JL121G01T-K11_5.jpg,No
H4421G0AO-J11_13.jpg,No
SIE21G00X-T11_7.jpg,No
ON321G10Q-Q11_13.jpg,No
DP521G08N-M11_10.jpg,No
WD221G01U-K11_2.jpg,Yes
ON321U0DS-N11_2.jpg,
IC221G01O-K11_16.jpg,No
WD221U081-G11_15.jpg,Yes
WD221U0CH-K11_2.jpg,Yes
7E021U00I-G11_10.jpg,No
1MY21U06B-B11_2.jpg,No
GU121U040-B11_12.jpg,No
IB021G009-J11_10.jpg,No
1MY21U06S-Q11_2.jpg,Yes
MK121U013-Q11_8.jpg,No
SE521L00R-Q11_16.jpg,No
WD221U096-G11_16.jpg,Yes
NA621G02F-K11_10.jpg,Yes
A0F21U01A-Q11_18.jpg,No
PUC21U057-Q11_19.jpg,No
VE121G0V6-T11_2.jpg,No
UT021G00C-K11_10.jpg,No
MOQ21J01J-A11_11.jpg,No
RI921G05I-O11_8.jpg,No
1MY21G04J-K11_2.jpg,No
SA541F02P-A11_6.jpg,Yes
OP421G03B-O11_9.jpg,No
ON321G106-K11_10.jpg,No
WD222T03B-Q11_2.jpg,Yes
WD221U06R-E11_15.jpg,Yes
1FN21L023-O11_12.jpg,No
F2121G00M-A12_2.jpg,No
JA222T0JN-M11_2.jpg,No
BG821G00Z-J11_8.jpg,Yes
BEU21G001-H11_12.jpg,No
BQ021I00D-A11_14.jpg,No
RI021G003-E12_12.jpg,Yes
M9121G0TJ-C11_14.jpg,No
PUC21G01D-K12_17.jpg,No
1US21G00C-Q11_13.jpg,No
GW121I03V-E11_6.jpg,No
WD221U0CE-K11_15.jpg,Yes
M9121G0TN-Q11_15.jpg,No
AP221G001-K11_10.jpg,No
M5921U01G-N11_10.jpg,Yes
WD221U091-G11_14.jpg,Yes
7E021U010-O11_10.jpg,No
LI621G015-A11_10.jpg,No
EDD21G00Q-M11_18.jpg,Yes
RI521G02I-T11_7.jpg,No
UNK21G00R-T11_10.jpg,No
TO221G07H-G11_5.jpg,No
SO221G0A1-E11_18.jpg,No
L4221G03C-T11_8.jpg,No
M9121U0QI-A11_2.jpg,No
PA941F02P-H11_2.jpg,No
JL121U01J-H11_18.jpg,Yes
CEE21U005-G11_4.jpg,No
JAM22T03I-M11_7.jpg,No
BE921G00K-K11_8.jpg,No
TH341F013-P11_5.jpg,Yes
TO221G08I-K11_5.jpg,No
SC321U02B-G11_5.jpg,No
WD222T03H-M11_2.jpg,No
WD221G029-M11_2.jpg,Yes
HU721G042-K11_11.jpg,No
S8521G0DJ-A11_2.jpg,No
FI021G01H-K11_10.jpg,No
PE321U01V-K11_16.jpg,No
WD221G025-K11_11.jpg,Yes
L4221U010-J11_2.jpg,Yes
ON321G0ZE-Q11_9.jpg,No
PUC21G072-I11_17.jpg,No
M9121G0T6-Q11_11.jpg,No
7E021U00U-O11_10.jpg,No
ES421G080-G11_11.jpg,No
VE121G0U6-Q12_10.jpg,No
UR622T02Z-Q11_7.jpg,Yes
GI221U03B-M11_12.jpg,No
BB121U01Y-Q11_12.jpg,Yes
VE121U002-Q11_10.jpg,No
OB721G007-B11_8.jpg,No
SO221U06Y-O11_11.jpg,
P1421G02S-B11_10.jpg,No
SO221G0B8-Q11_18.jpg,No
WD221U0BA-Q11_2.jpg,Yes
CEE21G006-Q11_4.jpg,No
M9121G0T3-G11_2.jpg,No
G1221U008-E11_2.jpg,No
JC421G017-J11_12.jpg,No
C2341F01J-D11_10.jpg,Yes
1US21G00Y-Q11_2.jpg,No
AD541F0FW-B11_10.jpg,Yes
JA441F06R-G11_11.jpg,Yes
TRU21G000-K11_6.jpg,No
WEB21G021-Q11_9.jpg,No
4DR21G065-N11_2.jpg,No
S3821G015-Q11_8.jpg,No
ON321I1PK-Q11_16.jpg,No
WL521G04D-J11_7.jpg,No
1US21G00A-Q11_14.jpg,No
1MY21U06U-J11_2.jpg,Yes
PEQ21U008-B11_9.jpg,No
EI421G00S-K11_5.jpg,No
RO521G01T-K11_4.jpg,No
SU222T0FI-K11_10.jpg,No
C2P21G002-Q11_15.jpg,No
C2341G012-M11_9.jpg,No
P2121U00D-K12_6.jpg,No
BA221G04M-M11_4.jpg,No
FAA21G017-J11_8.jpg,No
WD221U060-K11_10.jpg,Yes
AP221U003-E11_10.jpg,No
L4221G03J-Q11_2.jpg,No
BA221G006-C11_8.jpg,No
BG821G019-B11_6.jpg,Yes
7E021U00P-G11_10.jpg,No
M0Y21G012-A11_9.jpg,No
JA222T0HX-G11_2.jpg,No
GI151G002-B13_9.jpg,No
S0821G00F-B11_9.jpg,No
ON321G103-M11_9.jpg,No
1MY21U04S-M11_17.jpg,Yes
1MY21U05W-M11_10.jpg,Yes
TO121U04S-A11_15.jpg,Yes
CE321E0OI-K11_2.jpg,No
SOA21G04Q-G11_15.jpg,No
NL021U046-J11_8.jpg,No
SO221U06Y-Q11_14.jpg,Yes
BA221G046-K11_14.jpg,No
AD122T00M-Q11_12.jpg,No
OND21G012-Q11_10.jpg,No
4BE21G03S-B11_2.jpg,No
PUC21G05Q-O11_17.jpg,No
RM021G009-Q11_12.jpg,No
SOA21G04L-G11_17.jpg,No
4DR22T01Y-N11_10.jpg,No
GI222T022-Q11_16.jpg,Yes
C2341F02X-Q11_7.jpg,
ON321G11B-N11_2.jpg,No
4AP21G037-K11_9.jpg,No
PE321G032-Q11_15.jpg,No
OY221G001-A11_19.jpg,
BEJ21G055-Q11_15.jpg,Yes
ON322D000-Q11_2.jpg,No
1MY21G04N-B11_2.jpg,No
A0Q21G01B-Q11_6.jpg,No
M9121G0SQ-Q11_12.jpg,No
M4822T005-K11_6.jpg,Yes
SO821G01E-A11_4.jpg,No
TI521G01J-K11_7.jpg,No
ON321U0F7-O11_16.jpg,No
ES121U09V-G11_14.jpg,Yes
WD221U0B1-E11_15.jpg,Yes
IC141F0B8-M11_11.jpg,
KH121U0KA-K11_19.jpg,Yes
BG821G011-Q11_8.jpg,No
H0422T01U-C11_2.jpg,Yes
C2322T009-M11_2.jpg,Yes
TOB21U02J-K11_2.jpg,No
NAA21G00U-Q11_9.jpg,No
BA221G03D-J11_9.jpg,No
BA221G048-M11_10.jpg,No
S8521G0D7-E11_14.jpg,No
F0821G01H-Q11_11.jpg,No
MM321G006-T11_2.jpg,No
ALP21G004-J11_8.jpg,No
VE121G0UT-B11_4.jpg,No
MA321G07H-B11_17.jpg,Yes
BEJ21G05P-Q11_17.jpg,No
M5S21G009-K11_8.jpg,No
4DR22T02P-B11_2.jpg,Yes
WD221U0B5-J11_14.jpg,Yes
ON321U0GE-O11_2.jpg,No
H0422T01U-K11_10.jpg,Yes
WD221U0CD-K11_14.jpg,Yes
OP421G02J-A11_11.jpg,No
M9121G0UN-K11_2.jpg,No
LE222T02E-K13_8.jpg,No
PE321G02W-Q11_8.jpg,No
TO221G09I-E11_14.jpg,No
STG21G02K-G11_11.jpg,No
TH341F054-Q11_16.jpg,Yes
HOO41F005-K11_2.jpg,No
SC321G02E-Q11_15.jpg,No
KH121U0V7-G11_16.jpg,Yes
CLA21G00U-Q11_2.jpg,No
OB121G04X-Q11_5.jpg,No
C0822T019-K11_13.jpg,No
TW321U00L-Q11_14.jpg,No
CAW42F005-Q11_2.jpg,No
4DR21U01M-G11_10.jpg,No
RI021001J-Q11_10.jpg,Yes
C14210006-B11_2.jpg,No
RIJ21U008-M11_9.jpg,No
BB122T09F-Q11_2.jpg,Yes
C0421G01M-L11_10.jpg,No
S8521U059-M11_11.jpg,No
M5S21U004-B11_7.jpg,No
NI121U00U-F11_9.jpg,Yes
1MY21U06K-Q11_2.jpg,No
1MY21G057-A11_2.jpg,No
ECC21G004-N11_17.jpg,No
WD221U092-L11_10.jpg,Yes
7E021U00W-O11_10.jpg,No
7E021U015-O11_10.jpg,No
M0V21G01G-K11_10.jpg,No
C2Q21G000-Q11_10.jpg,Yes
ON321G0Z6-M11_12.jpg,No
AM221G00D-A11_10.jpg,No
NI121G040-J12_8.jpg,Yes
SIE21G01E-B11_10.jpg,No
TO221G097-H11_main_image.jpg,No
PUC21U08R-M11_2.jpg,No
S8521U059-A11_2.jpg,No
UNK21G00U-K11_6.jpg,No
CEE21G004-K11_4.jpg,Yes
STG21G02J-K11_7.jpg,No
WL521T02F-Q11_4.jpg,No
KH122T03K-K11_9.jpg,No
Z1721G05A-J11_2.jpg,Yes
PUC21G076-K11_15.jpg,No
DI122T03M-M11_13.jpg,No
JU021Q008-M11_1.jpg,No
PUC23L000-Q11_2.jpg,No
ON321G0AK-J11_1.jpg,No
1MY21G05E-K11_2.jpg,No
HZ121G005-B11_9.jpg,No
M3I21U0A8-O11_17.jpg,No
ON321G0ZO-N11_2.jpg,No
P6821G008-F11_2.jpg,No
SOA21G037-Q11_15.jpg,No
JOG22T01N-Q11_11.jpg,No
TP721U08A-B11_8.jpg,No
1FN21G01X-O11_10.jpg,No
4BE21G03M-G11_13.jpg,No
KA321G04B-J11_2.jpg,No
BX021U014-E11_4.jpg,No
KA321G03K-G11_14.jpg,No
H4421G0AO-K11_13.jpg,No
JA222T0IF-K11_10.jpg,No
3SE21G000-A11_7.jpg,No
FI921G006-K11_11.jpg,No
JL121G01V-K11_18.jpg,No
OND21G015-M11_8.jpg,No
EA721G000-Q11_5.jpg,Yes
M9121G0TO-Q11_2.jpg,No
VE121U08Z-Q11_13.jpg,No
BG821U00X-T11_12.jpg,No
CE321G05I-K11_2.jpg,No
1MY21U06T-A11_2.jpg,Yes
SO222T07A-K11_15.jpg,No
TO121G053-J11_10.jpg,Yes
GW121G020-T11_6.jpg,No
H2742F03N-Q11_8.jpg,No
WD221U0D7-H11_2.jpg,Yes
WD221U0B2-K11_2.jpg,Yes
BB121U021-K11_6.jpg,No
BB122T076-O11_4.jpg,Yes
JC421G00K-K12_6.jpg,No
ED122T04K-J11_8.jpg,Yes
OS322T06R-Q12_9.jpg,Yes
BA221G04O-K11_11.jpg,No
VE121G0V7-M11_2.jpg,No
1MY21U06J-N11_2.jpg,No
SC322T01D-K11_11.jpg,Yes
M9121G0TB-K11_2.jpg,No
TO222T05D-K12_13.jpg,No
KA321G03W-O11_9.jpg,No
1US21U01G-Q11_11.jpg,No
TI521G01D-B11_8.jpg,No
1CI21G001-J11_17.jpg,Yes
WEB21G020-M11_10.jpg,
MOQ21G023-B11_6.jpg,No
SU221G0BE-M11_10.jpg,No
CKB21G004-I11_2.jpg,No
JO921G01B-Q11_5.jpg,No
WD222T041-Q11_2.jpg,No
GO721G007-H11_7.jpg,No
M5S21G002-K11_2.jpg,No
1MY21U03V-J12_10.jpg,Yes
1MY21G04E-Q11_15.jpg,No
R5921G03W-K11_9.jpg,Yes
DP521G08V-J11_8.jpg,No
NM321U022-G11_12.jpg,No
M7341F011-K11_9.jpg,Yes
ES421G08V-K11_17.jpg,No
WD221U0A2-K11_11.jpg,Yes
TOL21G00I-K11_main_image.jpg,No
NM321G03S-Q11_14.jpg,No
MOQ21G01Z-K11_9.jpg,No
ES121G0A1-G11_9.jpg,No
1MY21U05R-Q11_10.jpg,Yes
L1S21U000-K11_11.jpg,No
NX321U02X-E11_4.jpg,Yes
WD221G01Y-K11_11.jpg,Yes
S2041G00H-L11_2.jpg,No
DUA21U01B-K11_12.jpg,No
WD222T03C-K11_11.jpg,No
WD221U0CA-M11_2.jpg,Yes
M5921G03V-Q11_10.jpg,No
SO222T06Q-Q11_12.jpg,Yes
NX322T096-K11_9.jpg,No
HU721G03Q-J11_9.jpg,No
A0Q21U03N-Q11_6.jpg,No
Z1721G05C-E11_2.jpg,
UR621G017-J11_9.jpg,No
R5921G040-H11_11.jpg,Yes
CW221U003-Q11_7.jpg,No
ONA21G00T-O12_6.jpg,No
WF521G014-G11_18.jpg,No
WD221U0BK-K11_14.jpg,Yes
FAB21G007-A11_2.jpg,No
UR621G01P-A11_2.jpg,No
WD221U0A5-G11_13.jpg,Yes
SOA21G04C-Q11_14.jpg,No
N0121G00A-E11_10.jpg,Yes
BX022T01U-M11_14.jpg,No
22B21U01W-Q11_12.jpg,No
JA222T0II-G11_2.jpg,No
SO221G0BU-E11_8.jpg,No
4DR21G06F-M11_2.jpg,No
Z1721G05Y-G11_2.jpg,No
VE121G0LQ-O11_11.jpg,No
23B21U00O-Q11_12.jpg,No
WD221U0CX-J11_2.jpg,Yes
DP521G091-N11_7.jpg,No
SU241F020-Q11_4.jpg,No
7E021U01A-Q11_10.jpg,No
OP421G034-K11_2.jpg,Yes
TRU21G002-B11_4.jpg,No
7E021U016-G11_10.jpg,No
VE121G0TU-Q11_2.jpg,No
E7721U03U-K11_11.jpg,Yes
ON321G10Y-Q11_2.jpg,No
TD021G00A-B11_4.jpg,Yes
ON321G119-G11_5.jpg,No
S0522T001-M11_4.jpg,Yes
PE321G02X-N11_18.jpg,No
CKA41F00C-Q11_8.jpg,Yes
WD222Q00I-Q11_2.jpg,Yes
1MY21G04A-K11_12.jpg,No
CEE21G001-K11_4.jpg,Yes
NOB21G00K-B11_10.jpg,No
PUC22D08O-M11_19.jpg,No
P6921G021-E11_16.jpg,No
MYK21G000-B11_12.jpg,No
ON321I1PK-E11_2.jpg,No
CO121G088-J11_13.jpg,No
4AP21G031-Q11_12.jpg,No
CZ921G00L-P11_4.jpg,No
AM422T005-Q11_8.jpg,No
CE321G05O-G11_2.jpg,No
4DR21G059-M11_10.jpg,No
WD221U0A4-J11_12.jpg,Yes
1US21I048-A11_2.jpg,No
M7341F024-I11_2.jpg,Yes
M9121G0U0-O11_2.jpg,No
SA321U00W-K11_7.jpg,No
IN321G01C-N11_14.jpg,No
FI921G008-K11_2.jpg,No
1MY21G04I-D11_2.jpg,No
4DR21G06J-K11_2.jpg,No
RI921G063-K11_12.jpg,No
IN321G01N-Q11_8.jpg,No
M9121G0U8-A11_2.jpg,No
B0N21G016-K11_2.jpg,No
4DR21U05P-B11_2.jpg,No
1MY21U06Q-M11_2.jpg,Yes
SO221G0A7-A11_16.jpg,No
TO221U03Y-K11_16.jpg,No
ES121G0AA-G11_18.jpg,No
C2O22T00W-N11_10.jpg,No
WD221U0C0-E11_16.jpg,Yes
HU121U00B-C11_9.jpg,No
DE121G03L-G11_8.jpg,No
Y0121U018-E11_2.jpg,No
7E021U00G-K11_10.jpg,No
KS821G01D-D11_2.jpg,No
VE121G0KQ-J11_1.jpg,No
C2P21G007-G11_15.jpg,No
KT041G00C-N11_9.jpg,No
DR221G015-K11_12.jpg,No
P1421U01O-Q11_2.jpg,No
MSA21G00S-K11_5.jpg,No
Y0321G015-Q11_8.jpg,No
HU341F013-Q11_8.jpg,No
KRB21G000-B11_10.jpg,No
4DR21U05G-N11_2.jpg,No
ON321G12E-K11_2.jpg,No
OB121U02S-B11_7.jpg,No
VE121G0UN-Q11_4.jpg,No
F1421G010-K11_4.jpg,No
WL521G04A-Q11_9.jpg,No
1MY21G056-J11_2.jpg,No
NEG21G00R-M11_7.jpg,Yes
TO221U046-M11_2.jpg,Yes
UR622H00A-G11_14.jpg,No
PE321U01Y-Q11_2.jpg,No
E7721U03V-Q11_15.jpg,Yes
C1421G019-G11_8.jpg,Yes
R5922T017-Q11_8.jpg,Yes
1MY21U05R-K11_10.jpg,Yes
PA942F01Z-Q11_12.jpg,No
NM521G010-K11_6.jpg,No
ON321G0YH-M11_16.jpg,No
PO221G00W-Q11_12.jpg,No
WD221G01O-E11_15.jpg,Yes
E1621G015-Q11_8.jpg,No
ON321U0GA-Q11_13.jpg,No
DG221G00E-K11_4.jpg,No
TH342F0BT-A11_2.jpg,Yes
M5S21U003-S11_8.jpg,No
F2121G00V-B11_7.jpg,No
PUC21G03A-C11_14.jpg,No
TOL21G00B-M11_2.jpg,No
VE121U0BR-Q11_6.jpg,No
BAW21U018-K11_13.jpg,No
1CI22T00E-Q11_main_image.jpg,No
SO221G0BU-Q11_16.jpg,No
4DR22T027-Q11_10.jpg,Yes
ON321G11D-C11_9.jpg,No
WD221U08H-K11_10.jpg,Yes
4AP21U011-K11_10.jpg,No
1MY21G04C-M11_11.jpg,No
S8521G0D3-G11_17.jpg,Yes
OM321G005-K12_16.jpg,No
CL321G00P-A11_8.jpg,No
L4221U012-N11_14.jpg,No
TH322T004-N14_11.jpg,No
JL122T074-K11_2.jpg,No
PUC21G05B-G11_17.jpg,No
C2341F03B-J11_2.jpg,No
WD221U0AR-M11_2.jpg,Yes
WD221G02D-M11_11.jpg,Yes
NA621G02F-G11_13.jpg,Yes
1FI41F00E-K11_5.jpg,No
19022T007-M11_12.jpg,No
OM321G005-G12_12.jpg,No
KH121G0CS-Q11_16.jpg,Yes
WD221U096-J11_10.jpg,Yes
B1741F027-L11_7.jpg,Yes
TAQ21G00E-G11_12.jpg,No
R1922T010-G11_2.jpg,No
RB021G005-Q11_16.jpg,No
QS121U021-J11_8.jpg,No
MI422D06I-K11_8.jpg,No
M3I21U0A5-Q11_16.jpg,No
WHF21G000-A11_9.jpg,No
JOG22T01O-K11_2.jpg,No
4DR21U05V-G11_2.jpg,Yes
BB122T08C-K11_2.jpg,No
PC721G030-B11_2.jpg,No
MSA21G00R-A11_6.jpg,No
FOD21G01G-Q11_8.jpg,No
WL521G049-J11_10.jpg,No
VM421G09D-J11_14.jpg,No
WD222T038-M11_2.jpg,Yes
F2121G00N-Q11_2.jpg,No
4DR22T034-B11_2.jpg,No
F0821G00F-Q11_10.jpg,No
KRB21U006-J11_15.jpg,No
KH121G0CV-B11_18.jpg,Yes
KH122T0BC-C11_16.jpg,Yes
WD222T03B-K11_14.jpg,Yes
1MY21G05H-M11_2.jpg,No
UR621U005-Q11_5.jpg,No
ON321G11V-Q11_7.jpg,No
PUC21G05C-C11_8.jpg,No
1US21U01Q-Q11_2.jpg,No
ON321U0C9-O11_7.jpg,Yes
DE121G02U-Q11_1.jpg,No
NM321G06X-Q11_8.jpg,No
NEG21G00Y-J11_5.jpg,No
BO721U034-B11_6.jpg,No
STG21G02C-K11_8.jpg,No
BB121G030-B11_14.jpg,No
P1421U01P-Q11_8.jpg,No
WL521G045-K11_2.jpg,No
ON321G138-K11_5.jpg,No
TH342F087-Q12_2.jpg,Yes
M9121G0TZ-K11_2.jpg,No
M9121G0VI-M11_15.jpg,No
VEB21U019-Q11_8.jpg,No
VE121G0U1-Q11_12.jpg,No
1MY21U04U-J11_10.jpg,Yes
M5921G03E-K11_4.jpg,No
4DR21U05T-N11_2.jpg,No
N3121G005-E11_2.jpg,No
OP421G038-K11_9.jpg,No
ON321U0G4-Q11_4.jpg,No
ON321I1PK-M12_18.jpg,No
HU121U00C-A11_7.jpg,Yes
NL021G08R-K11_10.jpg,No
SAD21G01S-T11_2.jpg,No
EDD21G00O-O11_7.jpg,No
WD222S011-C11_2.jpg,Yes
CRG21G000-K11_5.jpg,No
ON321G119-E11_2.jpg,No
CR841F006-K11_2.jpg,No
SQ621G01P-K11_6.jpg,No
ONF21G000-Q11_8.jpg,No
GE121G01P-J11_2.jpg,Yes
BB121G035-J11_18.jpg,No
H4421G0AR-K11_14.jpg,No
P2121G00S-B11_10.jpg,No
SA321G01L-C11_16.jpg,No
PX421G02T-I11_15.jpg,No
SC321G035-Q11_17.jpg,No
WD221G01W-K11_2.jpg,Yes
JY121G03U-K11_2.jpg,No
CF522T00O-Q11_10.jpg,Yes
OA121U03Z-Q11_9.jpg,No
RI521G02E-M11_10.jpg,No
C2341F03G-A11_14.jpg,Yes
ON321G11I-Q11_2.jpg,No
WD221U0BL-G11_2.jpg,Yes
WD222T03S-K11_15.jpg,Yes
WEB21G02G-Q11_6.jpg,No
CO121G08H-G11_9.jpg,No
GU141F00D-A11_9.jpg,Yes
ON321G0YJ-Q11_18.jpg,No
H4421G0AO-N11_15.jpg,No
WD222T03I-K11_2.jpg,Yes
KH122T0BD-K11_16.jpg,Yes
TO221G090-Q11_9.jpg,No
KS821G017-T11_10.jpg,No
LE222T02M-B11_7.jpg,No
OA121L025-M12_8.jpg,No
RI022G001-K11_7.jpg,Yes
DI522T00E-N11_2.jpg,No
VE121U0A5-Q11_12.jpg,No
WD221G01X-E11_14.jpg,Yes
KH121U0GN-I11_16.jpg,Yes
1MY21G040-K11_10.jpg,No
DP521G09D-T11_9.jpg,No
C1821G02N-Q11_2.jpg,Yes
ON321U0CC-K11_16.jpg,Yes
LI621G011-A11_18.jpg,No
4AP21G036-A11_12.jpg,No
AD541F0FC-A11_16.jpg,Yes
ON321G0Z9-C11_15.jpg,No
NU222T00T-Q11_2.jpg,No
TO121U04J-K11_17.jpg,Yes
WD221U0CT-M11_11.jpg,Yes
S8521U04U-E11_2.jpg,Yes
OA121L04V-K11_8.jpg,No
TO721G057-M11_17.jpg,No
WD222T03T-K11_2.jpg,Yes
BB121U01V-A11_12.jpg,No
1MY21G04L-J11_2.jpg,No
WD221U0BQ-G11_12.jpg,Yes
WD221U08B-J11_10.jpg,Yes
KH121U0JI-B11_19.jpg,No
7E021U00Z-K11_10.jpg,No
EV621G000-G11_13.jpg,No
ON321E1PJ-Q11_2.jpg,No
PE121G06O-K11_4.jpg,No
PUC21G073-B11_17.jpg,No
SQ521G004-J11_13.jpg,No
SO222T06Q-K11_10.jpg,Yes
M9121U0PZ-K11_10.jpg,No
MP421G00B-K11_9.jpg,No
IR221G00H-A11_6.jpg,No
CKB21G007-K11_2.jpg,Yes
CU221G020-K11_2.jpg,No
BA221G006-503_9.jpg,No
KS821G019-C11_2.jpg,No
VE121U0AI-Q11_19.jpg,No
S2821U00J-B11_2.jpg,No
AD121G08I-Q11_6.jpg,No
GW121G028-J11_6.jpg,No
JA441G01K-M11_8.jpg,Yes
ON321G0BW-K11_7.jpg,No
MA322T037-K11_9.jpg,No
PUC22T0E8-B11_14.jpg,Yes
WD222T03M-C11_2.jpg,Yes
BA221G049-K11_8.jpg,No
AP221U000-O12_10.jpg,No
GU121G09W-A11_14.jpg,No
WD221U0D1-M11_2.jpg,Yes
21B21U013-O11_9.jpg,No
C2322T00P-K11_2.jpg,Yes
VE121G0JY-Q11_1.jpg,No
AD541F0C3-Q11_8.jpg,Yes
22B21U01W-O11_12.jpg,No
BM921U01J-A11_2.jpg,No
WD221U08Q-J11_13.jpg,Yes
SU221G0AN-Q11_1.jpg,No
VM421G096-M11_16.jpg,No
SO221U06P-Q11_17.jpg,Yes
SC321U028-B11_18.jpg,Yes
1MY21G042-Q11_12.jpg,No
ON321G118-C11_8.jpg,No
22B21G00N-Q11_12.jpg,No
VE121G0UL-K11_7.jpg,No
UR621G01Y-D11_6.jpg,Yes
TO221G09A-E11_19.jpg,No
CEE21G000-C11_4.jpg,No
DP521G08Q-O11_13.jpg,No
IN321G01H-Q11_2.jpg,No
CU221G01Z-H11_4.jpg,No
RI521U00E-N11_4.jpg,No
NI121G052-J11_9.jpg,No
C0421G01D-C11_15.jpg,Yes
BB121G00Z-Q11_1.jpg,No
ON321G0ZW-Q11_7.jpg,No
GI151G002-K12_2.jpg,No
DA321G016-M11_9.jpg,No
TOL21G00F-K11_2.jpg,No
PUC21U068-A11_14.jpg,Yes
MA321U054-M11_15.jpg,No
1MY21G04P-J11_2.jpg,No
TH341F054-N12_8.jpg,Yes
PUC21G06S-K11_2.jpg,No
ON321G115-Q11_2.jpg,No
TP721G0MF-M11_8.jpg,No
JA441G01K-J11_8.jpg,Yes
PX421G02P-M11_8.jpg,No
DEA21G00C-M11_2.jpg,No
SO221U06A-G11_8.jpg,No
1MY21U045-A11_10.jpg,Yes
GE122T002-N11_17.jpg,No
7E021U00E-O11_10.jpg,No
F2241F04P-K11_4.jpg,No
IC221G02T-E11_2.jpg,No
WD222T029-G11_10.jpg,Yes
TP721U07Y-B11_10.jpg,No
DP521G096-Q11_8.jpg,No
JY121G03Z-K12_15.jpg,No
CO121G08L-K11_11.jpg,No
PB721U00Q-B11_13.jpg,No
S8521G0D8-J11_2.jpg,No
DR221G017-M11_10.jpg,No
M9121U0PC-Q11_10.jpg,No
IC621U01B-G11_10.jpg,Yes
JC421G011-B11_7.jpg,No
NX321G03U-C11_10.jpg,No
TO221G09I-N11_14.jpg,No
ONA21G01G-Q11_6.jpg,No
TH322T005-K14_7.jpg,No
Z1721E17B-E11_2.jpg,No
KH121U0U3-N11_19.jpg,Yes
22B21G00H-C11_12.jpg,No
RI921G05P-Q11_8.jpg,No
HB821G00Q-K11_8.jpg,No
SU221U09A-K11_12.jpg,Yes
1MY21U063-J11_10.jpg,No
BB121E00Z-K11_4.jpg,No
KH121G0CJ-Q11_16.jpg,Yes
PX421I02Q-G11_5.jpg,No
GI221U042-Q11_4.jpg,No
WD221U06F-Q11_10.jpg,Yes
KJ142F012-K11_9.jpg,No
SAA21G00A-Q11_2.jpg,No
CE321G05M-K11_main_image.jpg,No
CI421U006-K11_10.jpg,No
ON321U0G8-B11_2.jpg,Yes
NAA21G00V-J11_5.jpg,No
BY221G00I-K12_9.jpg,No
JU021U01L-J11_15.jpg,No
GI221G03H-E11_12.jpg,No
ON321G118-E11_7.jpg,No
CM021U01Q-Q11_11.jpg,No
ON321G13S-K11_2.jpg,No
M5921G03Q-Q11_13.jpg,No
C7041F07T-E11_8.jpg,Yes
HU121U005-A11_12.jpg,Yes
VM421G09P-M11_13.jpg,No
C2P21G004-Q11_19.jpg,No
BF521G013-G11_9.jpg,No
1MY21U06U-M11_2.jpg,Yes
JL141F03D-K11_5.jpg,No
PY821G001-K11_5.jpg,No
WD221U0B7-E11_12.jpg,Yes
PE321I08I-M11_16.jpg,No
WF521U002-K11_15.jpg,No
LE221G041-K11_12.jpg,No
R5921G046-E11_2.jpg,Yes
OA121U04Z-K11_12.jpg,No
WD221G020-E11_13.jpg,Yes
CW221G00I-N11_12.jpg,No
VA441F02V-K11_5.jpg,Yes
WD221G01X-G11_2.jpg,Yes
4DR22T02E-K11_13.jpg,Yes
RB021G00B-C11_2.jpg,No
J3222T001-G11_15.jpg,Yes
WD221U08H-C11_10.jpg,Yes
NI121G05M-J12_2.jpg,Yes
PUC22T0B6-Q11_18.jpg,Yes
IC621U00Z-K11_2.jpg,Yes
DE121G03W-Q11_13.jpg,No
BG821U009-Q11_2.jpg,No
BB121G01Z-Q11_2.jpg,No
M9121G0SR-Q11_12.jpg,No
CM021U01T-K11_14.jpg,Yes
SO921E04C-O11_2.jpg,No
OD141F01W-K11_13.jpg,No
OM321G00J-F11_17.jpg,No
KH121U0IG-K11_16.jpg,Yes
RIE21G00D-Q11_9.jpg,No
OB121G04S-T11_2.jpg,No
UT451G01Q-Q11_19.jpg,No
NX321U053-Q11_2.jpg,No
HU721G045-Q11_9.jpg,No
JY121A05G-O11_2.jpg,No
TO221G093-A11_2.jpg,No
PY021G012-J11_5.jpg,No
GO221U00U-Q11_10.jpg,No
DR221G01E-G11_9.jpg,No
ON321G11C-Q11_7.jpg,No
P1421G02R-G11_7.jpg,No
BY121G00Q-A11_8.jpg,No
M5921U00Z-Q11_14.jpg,No
4DR21U03V-N11_11.jpg,
1MY21U05Y-I11_10.jpg,Yes
WD221U0AK-K12_10.jpg,Yes
BB121U021-B11_main_image.jpg,No
C1821G02T-Q11_6.jpg,No
1MY21G05C-J11_2.jpg,Yes
KH122S02K-K11_16.jpg,Yes
SOA21G04Y-A11_12.jpg,No
UNK21G00V-J11_7.jpg,No
WH921G002-K11_6.jpg,No
WF521U002-I11_17.jpg,No
OA121U040-B11_2.jpg,No
PUC21U06K-J11_16.jpg,No
23B21U00R-K11_10.jpg,No
WD221U0BM-K11_12.jpg,Yes
H4421G0AW-A11_13.jpg,No
VE121G0U4-O11_2.jpg,No
BY221G01Q-A11_4.jpg,No
ES121U09R-G11_10.jpg,
RIJ21U00E-B11_10.jpg,No
PUC21G05J-B11_17.jpg,No
PE321G02K-O11_2.jpg,No
1MY21G03U-E11_15.jpg,Yes
ON321I1PK-O11_2.jpg,No
TRU21G006-A11_4.jpg,No
ON321U08Y-B11_1.jpg,Yes
M9121G0SR-J11_9.jpg,No
RIF21G00J-Q11_4.jpg,No
PUC21G052-M11_12.jpg,Yes
ES121U09R-H11_12.jpg,Yes
P2121I02I-B11_12.jpg,No
ED121G050-K11_9.jpg,Yes
WD221U08Q-K11_10.jpg,Yes
IN321G01R-A11_2.jpg,No
CM021U01S-A11_10.jpg,No
R2341F056-E11_16.jpg,Yes
BY221G01K-E11_2.jpg,No
M9121G0TL-N11_2.jpg,No
NX321G043-Q11_4.jpg,No
NX321G01Y-Q11_2.jpg,No
PC721G02X-K11_10.jpg,Yes
SOA21G03P-M11_17.jpg,No
SE521E0IF-K11_19.jpg,No
TP822D0DY-Q11_8.jpg,No
M0Y21G00W-M11_17.jpg,No
ON321G10I-O11_12.jpg,No
F1421G01A-M11_9.jpg,No
7SI21G02P-G11_11.jpg,No
22B21U022-K11_12.jpg,No
ES121G0A8-K11_18.jpg,No
VE121G0QN-A11_8.jpg,No
PQ421G000-I11_2.jpg,No
WD221U0A5-J11_14.jpg,Yes
P2121U00O-N11_7.jpg,No
UR621G00U-A11_3.jpg,Yes
OP421G03A-K11_6.jpg,No
ES121G0AE-K12_18.jpg,No
MF921U029-B11_2.jpg,No
SAD21G01K-G11_4.jpg,No
F2241F04E-K11_11.jpg,Yes
OP521G00V-N11_9.jpg,No
TO222T05D-B11_10.jpg,No
QS121G04W-K11_15.jpg,No
BB121G037-K11_14.jpg,No
M3W21G00C-A11_10.jpg,No
VE121U021-E12_14.jpg,No
GW121U017-G11_6.jpg,No
TOB21G01M-G11_19.jpg,Yes
IC621U019-E11_10.jpg,Yes
SU222T0FH-K11_2.jpg,No
WD221U0CU-C12_11.jpg,Yes
VE121G0KF-Q11_17.jpg,No
4DR21G05R-B11_2.jpg,Yes
4BE21G03U-K11_2.jpg,No
PU121U00D-Q11_9.jpg,No
KH121G0CM-Q11_16.jpg,Yes
1MY21G04U-K11_12.jpg,No
JB221G007-Q11_2.jpg,No
1MY21U01Y-Q11_1.jpg,
WD222T03O-K11_2.jpg,Yes
QS121G04R-K12_8.jpg,No
TG022T02O-K11_12.jpg,No
KT041F015-K11_10.jpg,Yes
WD221U06A-J11_10.jpg,Yes
YO122T01G-Q11_10.jpg,Yes
21M21C000-A11_2.jpg,
H0422S04I-A11_9.jpg,Yes
ON321G12K-B11_2.jpg,No
WD222T044-Q11_2.jpg,No
MSA21U00M-Q11_13.jpg,No
1MY21G03Y-J11_11.jpg,Yes
RI021001D-C11_6.jpg,
1MY21G057-Q11_2.jpg,No
DR121G00M-K12_2.jpg,No
SO921G012-G11_2.jpg,No
GS122T06H-K11_16.jpg,Yes
R5921G04K-K12_2.jpg,Yes
TP721U07X-Q11_2.jpg,No
S8521G0DM-M11_18.jpg,No
OU221U00K-K11_18.jpg,No
ES421U06K-M11_18.jpg,No
M9121G0US-G11_11.jpg,No
V1021G0DK-B11_11.jpg,No
TP721G0N1-K11_2.jpg,No
SOA21U024-J11_18.jpg,Yes
S0521U002-N11_9.jpg,Yes
JA441F069-Q11_5.jpg,
UT421G01D-C11_15.jpg,No
VE121G0U0-C11_8.jpg,No
BA221G03D-G11_12.jpg,No
WHF21G001-N11_8.jpg,No
WD221U06Q-M11_10.jpg,Yes
4DR22T02N-K11_2.jpg,Yes
THA21G01V-Q11_11.jpg,No
QS121J059-K11_19.jpg,No
VE121G0VH-E11_2.jpg,No
1US21G013-K11_2.jpg,No
MP421G00C-J11_12.jpg,No
TW321G007-K11_13.jpg,No
ON321G0XV-K11_2.jpg,No
SQ621G01W-M11_4.jpg,No
M7341F024-K11_2.jpg,Yes
WD221U0CM-M11_2.jpg,Yes
BA221G04E-J11_8.jpg,No
LIQ21G006-K11_11.jpg,No
C2341F028-K12_12.jpg,Yes
4AP21G038-Q11_9.jpg,No
TO222T05D-K11_9.jpg,No
SE521T01S-N11_18.jpg,No
EA821U00T-Q11_8.jpg,No
SC322T046-K11_18.jpg,Yes
AD121G04M-Q11_12.jpg,No
WEB21G02F-Q11_4.jpg,Yes
WD222T044-C11_2.jpg,No
4DR21G06T-K11_2.jpg,No
TO221G07U-K11_13.jpg,No
TH321G00Y-K11_6.jpg,No
DE121U01O-K11_13.jpg,Yes
1MY21U06D-K11_2.jpg,No
BB121U01X-Q11_2.jpg,No
A1721G01I-H11_main_image.jpg,Yes
PUH21G00F-J11_2.jpg,No
PUC21U05C-E11_16.jpg,Yes
STG21G02I-G11_12.jpg,No
BB121G034-T11_11.jpg,No
SU241F01E-Q11_1.jpg,Yes
M3I21G078-A11_19.jpg,No
GO721G008-Q11_7.jpg,No
ON321G0YH-Q11_16.jpg,No
TH341F096-J11_12.jpg,Yes
1MY21G04H-J11_2.jpg,No
KA321G01N-Q11_16.jpg,No
BX022T01U-K11_16.jpg,No
JA442F06R-C11_12.jpg,Yes
DE121G03X-G11_16.jpg,No
BB122T04M-K11_15.jpg,Yes
ONE21D003-Q11_7.jpg,No
F2241F04B-G11_9.jpg,Yes
SQ621G01I-G11_6.jpg,No
KH122T0BA-B11_18.jpg,No
M3I21G07H-B11_15.jpg,No
RI021G003-C12_18.jpg,Yes
BO722T02R-K11_2.jpg,Yes
ES421G08T-K11_5.jpg,No
M9121G0UY-Q11_2.jpg,No
B1441F00U-E11_2.jpg,Yes
DE422T00Y-N11_9.jpg,No
CF522T00U-K11_2.jpg,Yes
C2341F038-H11_7.jpg,Yes
MMA21G009-M11_5.jpg,No
M9122T0NS-K11_2.jpg,No
21M21C000-K11_2.jpg,Yes
PE441D00Z-H11_6.jpg,No
BA221G006-503_1.jpg,No
BEJ22T03A-K12_17.jpg,Yes
BM921U01H-M11_9.jpg,No
ON321I1QI-Q11_2.jpg,No
VE121U0AJ-Q11_15.jpg,Yes
1NE41F00J-N11_2.jpg,No
DRJ21G00I-K11_7.jpg,No
LIQ21G005-K11_8.jpg,No
HU121U00E-E11_13.jpg,Yes
SO221G0C1-Q11_11.jpg,No
10K41G00E-A11_11.jpg,No
OS321U000-M11_2.jpg,No
QX721G00Q-M11_8.jpg,Yes
ON321G110-J11_8.jpg,No
PB721U00W-A11_10.jpg,Yes
ON321G124-C11_2.jpg,No
TO721G04U-K11_7.jpg,No
EL921G00Z-Q11_2.jpg,No
PO221G029-A11_10.jpg,No
C2P21G008-A11_10.jpg,No
ONE21A00H-A11_4.jpg,Yes
4AP21U010-Q11_12.jpg,No
NA826N00H-K11_5.jpg,Yes
M5S21U007-E11_9.jpg,No
NA621G02D-K11_2.jpg,Yes
M5S21U003-B11_9.jpg,No
TD021U01K-A11_17.jpg,No
MK121C0EY-K11_6.jpg,Yes
P1421G035-Q11_12.jpg,No
SQ621G01R-K11_6.jpg,No
JY121U02E-M11_2.jpg,No
TD021U01J-B11_9.jpg,Yes
GID21G015-Q11_4.jpg,No
TF322T01I-K11_2.jpg,Yes
GI221G03G-J11_2.jpg,No
TI521G01F-K11_2.jpg,No
M9121G0VA-Q11_12.jpg,No
VE121U0AX-J11_2.jpg,No
WD221G013-J11_10.jpg,Yes
DP521G099-K11_2.jpg,No
SQ621G01N-Q11_6.jpg,No
CM021U01S-K11_9.jpg,No
ONF21G001-Q11_12.jpg,No
ON321G0Z6-Q11_11.jpg,No
DAI21U00M-K11_18.jpg,No
PC721U014-K11_9.jpg,No
CL321G00O-Q11_11.jpg,No
SO221G0BL-B11_14.jpg,No
AD541F0DK-K11_6.jpg,Yes
IC221G02T-K11_2.jpg,No
MP421G00B-O11_10.jpg,No
1MY21U020-N11_5.jpg,No
PUC21G05B-C11_15.jpg,No
R5921G03W-Q11_6.jpg,Yes
OA121U04X-A11_8.jpg,No
PUC21G044-K11_17.jpg,No
AD121G09R-Q11_10.jpg,No
1MY21U06D-M11_2.jpg,No
ES121G0A1-B11_11.jpg,No
C2341F02X-L11_9.jpg,Yes
EI421G00Q-B11_4.jpg,No
AN651GA1R-Q11_10.jpg,No
PUC21G06I-Q11_16.jpg,No
ON321G11M-K11_17.jpg,No
WD221G01A-K11_10.jpg,Yes
4BE21G03W-Q11_12.jpg,No
M9121G0U9-Q11_10.jpg,No
1MY21G04J-M11_2.jpg,No
M0921G00A-M11_7.jpg,No
BL522T01S-Q11_12.jpg,No
ED121E0QT-K11_18.jpg,No
SE521U049-O11_2.jpg,No
PUC21U07Z-Q11_14.jpg,No
SU221U029-J11_17.jpg,Yes
BY121G00M-A11_16.jpg,No
ON321G117-Q11_10.jpg,No
1MY21U06G-M11_2.jpg,No
EX121G02E-D11_7.jpg,No
1US21G00X-K11_2.jpg,No
ON321G103-Q11_9.jpg,No
M9121G0VJ-H11_2.jpg,No
1MY21G04O-J11_2.jpg,No
ON321G11E-K11_7.jpg,No
UT421G00Q-Q11_13.jpg,No
F2241F040-Q11_6.jpg,Yes
MA321G07J-B11_14.jpg,No
WD221U0CD-E11_13.jpg,Yes
ECC21U000-K11_12.jpg,No
NM321U02O-K11_2.jpg,No
WD221U091-J11_18.jpg,Yes
WD221U0CZ-J11_2.jpg,Yes
BU122T01S-C11_7.jpg,No
M9121G0TI-K11_10.jpg,No
S8521G0D7-K11_11.jpg,No
CKB21G006-A11_2.jpg,No
NX321G059-K11_2.jpg,No
VE121G0TS-K11_13.jpg,No
WD222T03J-G11_2.jpg,Yes
H4421G0AU-A11_19.jpg,No
C1821U01K-Q11_2.jpg,No
AP221G000-K11_10.jpg,No
FOD21G01O-I11_9.jpg,No
AM421U006-Q11_11.jpg,No
DI121G042-K11_2.jpg,No
WD221U0CU-C11_2.jpg,Yes
IB021G00A-J11_8.jpg,No
C2341F03E-G11_9.jpg,Yes
VE121G0TU-O11_2.jpg,No
ON321G10T-M11_13.jpg,Yes
S3821G017-E11_12.jpg,No
RIJ21G007-K11_13.jpg,No
WHF21G008-C11_11.jpg,No
BE921G00L-N11_10.jpg,No
TH342F03H-K11_18.jpg,
ONA21G00T-M11_10.jpg,No
PA942F013-Q11_12.jpg,No
VE121U0AG-Q11_10.jpg,No
MYK21G001-J11_2.jpg,No
DP721U01Q-K11_5.jpg,Yes
UR621U002-M11_3.jpg,Yes
VE121G0UN-A11_2.jpg,No
VE121U0B9-F11_7.jpg,Yes
PE121G074-Q11_17.jpg,No
ON321G0MG-K12_13.jpg,No
JA442F06P-K11_9.jpg,Yes
FI021U00P-N11_9.jpg,No
31021U005-Q11_12.jpg,No
SC321G02C-E11_18.jpg,No
CE321G05I-Q11_2.jpg,No
CLA21G00S-Q11_2.jpg,No
RI921U042-Q11_17.jpg,No
ON321G12X-M11_13.jpg,No
GU121D0Z1-J11_13.jpg,No
CM021U01P-K11_8.jpg,Yes
DIP21G002-G11_13.jpg,No
CR841G002-A11_7.jpg,No
CL321U01G-K11_8.jpg,No
4DR22T017-N11_2.jpg,Yes
ON321G12Q-C11_18.jpg,No
INO21G001-B11_2.jpg,No
SE521G05L-J11_2.jpg,No
WD221U069-J11_10.jpg,Yes
4DR22T03K-Q11_2.jpg,Yes
BAW21G00I-Q11_12.jpg,No
FAT22T004-G11_11.jpg,Yes
7E021U00K-O11_10.jpg,No
NA621G02D-J11_6.jpg,Yes
ON321U0CE-G11_2.jpg,Yes
SO221U07K-M11_14.jpg,No
GS122T09I-K11_3.jpg,No
JC421G00K-Q11_5.jpg,No
GI151G002-C12_2.jpg,No
WD221U08Q-E11_10.jpg,Yes
MIG21G009-Q11_15.jpg,No
M5821G07U-K11_2.jpg,No
M5S21G00B-K11_2.jpg,Yes
ON321G12J-O11_2.jpg,No
WL521G045-I11_2.jpg,No
UT421G01N-K11_14.jpg,No
JU021U01M-K11_13.jpg,Yes
M9121G0V2-K11_2.jpg,No
TO121U058-A11_11.jpg,No
RI022G001-G11_6.jpg,Yes
VE121G0SV-O11_2.jpg,No
TO722T045-K11_14.jpg,Yes
JAM21I001-K11_18.jpg,No
21B21U015-A11_9.jpg,No
TO221U04B-B11_14.jpg,No
TO721U02M-M11_9.jpg,
BRH22T03Q-Q11_12.jpg,
JAC22T00I-K11_13.jpg,No
LE221G047-J11_10.jpg,No
L4221U03B-G11_11.jpg,No
TAQ21G00A-B11_12.jpg,No
OA221G01Y-J11_2.jpg,No
DUA21G006-Q11_10.jpg,No
CM021U01N-K11_7.jpg,No
PE321G035-J11_4.jpg,No
M9121G0UW-M11_main_image.jpg,No
NX321G052-K11_8.jpg,No
SC321G02N-K11_10.jpg,No
DI541F024-B11_15.jpg,Yes
HU721G03X-J11_7.jpg,No
JA222T0FW-M11_18.jpg,Yes
RIJ21U00D-B11_12.jpg,No
SO221U07F-K11_10.jpg,No
SO221G0BB-K11_8.jpg,No
HU721G03U-Q11_17.jpg,No
NX321G03H-B11_2.jpg,No
PO221U01L-J11_11.jpg,No
BX021U014-M11_4.jpg,No
ES121G0A5-N11_2.jpg,No
GS121U025-C11_17.jpg,No
VE121G0T7-C11_10.jpg,No
PE321G012-J12_11.jpg,No
Y0021G00Z-T11_8.jpg,No
SO821G01X-N11_7.jpg,No
CE321G05Q-B11_2.jpg,
4DR21U04B-G11_2.jpg,Yes
1MY21G03H-K11_5.jpg,No
KH122T07K-Q11_16.jpg,Yes
ONA21G01F-B11_2.jpg,No
HOP21G00N-M11_10.jpg,No
HAW22T003-M11_2.jpg,No
PE121G06N-N11_2.jpg,No
MSA21G00Q-A11_18.jpg,No
TOB22T03H-N11_2.jpg,No
WD222T044-C12_2.jpg,No
B1741F02C-M11_11.jpg,Yes
BE921G00J-N11_8.jpg,No
SU221E077-N11_1.jpg,Yes
Z1721G054-B11_2.jpg,No
ES421G08P-C11_18.jpg,No
ON321U0GO-Q11_2.jpg,No
ONA21G00K-J11_2.jpg,No
3X021G003-K11_10.jpg,No
VE121G0VT-K11_main_image.jpg,No
S2821G01M-M11_9.jpg,No
C2322T00R-G11_2.jpg,Yes
KH121U0KE-E11_16.jpg,Yes
WD221U05V-J11_10.jpg,Yes
PUC21G06I-A11_16.jpg,No
EW221G04C-Q11_4.jpg,No
WD221U0C8-E11_9.jpg,Yes
ON321G11S-O11_6.jpg,No
JL121G01P-Q11_6.jpg,No
SU221G0CQ-K11_10.jpg,
C0421G01M-B11_9.jpg,No
M5921G03D-J12_13.jpg,No
1MY21U06M-E11_2.jpg,Yes
QS121G04U-A11_14.jpg,No
CM021U01S-E11_2.jpg,No
PU141F03D-A11_5.jpg,Yes
NM321G06F-O13_main_image.jpg,No
OB121G04V-Q11_2.jpg,No
WD222T047-E11_2.jpg,Yes
1MY21U06V-K11_2.jpg,No
IL121U01B-K11_8.jpg,Yes
R0051G01C-C12_4.jpg,No
SC321E06C-M11_7.jpg,No
F2241F04N-Q11_4.jpg,No
PUC21G01D-K11_19.jpg,No
C7041F07S-M11_8.jpg,Yes
M9121G0T9-B11_2.jpg,No
TO721U02N-J11_17.jpg,Yes
P6822T019-Q11_11.jpg,No
VE121G0U9-F11_2.jpg,No
SHI21G01P-M11_11.jpg,No
TO122T05R-B11_2.jpg,Yes
R5921G03O-Q11_2.jpg,
BA221G04P-M11_12.jpg,Yes
1MY21G04P-M11_2.jpg,No
JY121G03W-Q11_2.jpg,No
1FN21L01A-Q11_16.jpg,No
SO221U06P-E11_12.jpg,Yes
R0622T01M-K11_5.jpg,No
MI421G02J-G11_2.jpg,No
BA221G03D-C12_4.jpg,No
VE121G0UZ-C11_12.jpg,No
AD541F084-C11_4.jpg,Yes
MF921G041-K11_9.jpg,No
1MY21G04H-M11_2.jpg,No
ON321U0DI-G11_16.jpg,No
OA121U04Y-K11_10.jpg,Yes
WEB21G02E-A11_2.jpg,No
M5S21I00H-B11_11.jpg,No
4DR22T025-K11_12.jpg,Yes
1RP21U00S-J11_10.jpg,No
4T021G015-M11_6.jpg,No
1RP21U00S-E11_10.jpg,No
B1K22T00B-K11_9.jpg,No
VM421U081-H11_13.jpg,No
JR421G037-Q11_14.jpg,No
VE121G0RP-Q11_2.jpg,No
ONA21U011-Q11_2.jpg,No
UR622H015-K11_3.jpg,Yes
BL522T02K-M11_2.jpg,No
DP721G017-A11_11.jpg,No
ES121I0TW-K11_4.jpg,No
B1741F01P-L11_6.jpg,Yes
LE221G03S-K12_10.jpg,No
1MY21G04D-J11_12.jpg,No
TAQ21G00B-K11_10.jpg,Yes
KH121G0CO-H11_18.jpg,No
ETE21G001-K11_10.jpg,No
F2241F04R-K11_4.jpg,Yes
7E021U018-O11_10.jpg,No
S3821U00M-Q11_8.jpg,No
ON321G13Q-K11_2.jpg,No
HU341F01B-Q11_14.jpg,Yes
NM321U030-Q11_13.jpg,No
EL922T00F-Q11_12.jpg,Yes
THA21G01W-K11_6.jpg,No
SA321U00Y-Q11_9.jpg,No
GID21G011-E11_9.jpg,No
M5S21U003-Q11_9.jpg,No
DI541F025-M11_5.jpg,Yes
GO721G007-C11_9.jpg,No
TO221G08C-H11_12.jpg,No
VA221G017-A11_2.jpg,Yes
DE121G040-A11_16.jpg,No
SO821G01Y-J11_8.jpg,No
SU221I0AW-K11_1.jpg,No
ON321U0GS-K11_2.jpg,No
GI151G002-B12_2.jpg,No
BE921U00W-Q11_15.jpg,No
C1821G02H-Q11_10.jpg,Yes
ON321G0OG-Q11_1.jpg,No
LOB21G00A-Q11_9.jpg,No
S3722Q00P-Q11_10.jpg,Yes
BO721U038-B11_4.jpg,Yes
GW151G007-K11_2.jpg,No
QS121U026-C11_13.jpg,Yes
BB122T08G-Q11_2.jpg,Yes
ZAI21G00G-M11_2.jpg,No
STC21G00R-Q11_9.jpg,No
MA321G079-K11_2.jpg,No
4DR21U033-J11_10.jpg,No
M9121G0TA-Q11_2.jpg,No
OS322T06S-Q12_2.jpg,No
JL121U019-E11_17.jpg,No
4DR21G069-B11_2.jpg,Yes
MQ921G00Q-Q11_10.jpg,No
JC421G00Q-Q11_12.jpg,No
OB121U02K-Q11_12.jpg,No
MA321G078-K11_17.jpg,No
HE641F008-Q12_14.jpg,Yes
KH122T0B9-Q11_16.jpg,No
WEB21G02C-A11_7.jpg,No
RIJ21G00B-J11_7.jpg,No
P1421Q005-Q11_14.jpg,No
KA321G03P-B11_8.jpg,No
TO221G09O-O11_15.jpg,No
OB121G04J-Q11_10.jpg,No
C7041F07Y-Q11_15.jpg,Yes
ARC21G00K-K11_2.jpg,No
WD221U0CL-E11_2.jpg,Yes
FI022T011-G11_10.jpg,Yes
NN922T00A-M11_11.jpg,Yes
4DR21G06K-G11_2.jpg,No
1MY21U06S-B11_2.jpg,Yes
M5921G03Z-A11_5.jpg,No
1MY21G044-M11_10.jpg,No
GE221G01R-O11_15.jpg,No
DH521G00H-K11_10.jpg,No
IN321G01L-T11_2.jpg,No
ON321G101-Q12_8.jpg,No
4DR21G06L-N11_2.jpg,No
VM421G090-J11_11.jpg,No
MAL21G01B-J11_2.jpg,No
VM421G09E-O11_17.jpg,No
4T021G018-M11_7.jpg,No
WD221U0CW-E11_2.jpg,Yes
WEB21G02C-Q11_10.jpg,No
KA321K008-A11_12.jpg,No
MB121G01P-Q11_10.jpg,No
ON321G10V-K12_10.jpg,No
EL921G019-A11_8.jpg,Yes
ES121G0AB-G11_14.jpg,No
V1021G0DD-O11_8.jpg,No
1MY21U059-C11_10.jpg,No
LEQ22T003-K11_9.jpg,Yes
DE121G048-Q11_2.jpg,No
1MY21G05E-J11_2.jpg,No
M9121G0UI-K11_2.jpg,No
OP421G03E-N11_2.jpg,No
PO221G02I-K11_4.jpg,No
COH21U000-Q11_7.jpg,No
1MY21U04T-O11_10.jpg,No
ON321U0DM-B11_2.jpg,No
VE121U0AY-O11_10.jpg,No
M4R21U00D-Q11_6.jpg,No
RUF21G002-A11_9.jpg,No
EA821G00M-K11_5.jpg,No
JA222T0BR-M11_2.jpg,No
1FN21G000-B12_7.jpg,No
1MY21G050-J11_2.jpg,No
DP521G08M-B11_2.jpg,No
PUC21G059-G11_2.jpg,No
1MY21U06B-B12_2.jpg,No
TO721G050-E11_10.jpg,No
CM021U01O-K11_6.jpg,No
JY121G03I-Q11_9.jpg,No
ON321G0RL-Q11_1.jpg,No
UR621G00R-N11_2.jpg,Yes
WD221U0CP-K11_2.jpg,Yes
OA121L04V-B11_9.jpg,No
TO221G08O-K11_16.jpg,No
S8521U04U-J11_2.jpg,Yes
LE222T02L-B11_7.jpg,No
PB721U00Q-G11_8.jpg,No
A0Q21L007-Q11_19.jpg,No
S8521U05A-M11_2.jpg,No
4DR21U05B-C11_2.jpg,No
GE121G01R-K11_main_image.jpg,Yes
WD221U07N-I11_14.jpg,Yes
RI021U008-Q11_14.jpg,Yes
S0521U006-Q11_8.jpg,Yes
A0Q21G018-Q11_14.jpg,No
MA321G06W-Q11_13.jpg,No
ON321G10F-C11_2.jpg,No
1MY21G042-J11_14.jpg,No
TO221G07I-G11_11.jpg,No
CO121G08C-K11_2.jpg,No
M5921G03X-J11_12.jpg,No
Y0321G010-M11_17.jpg,No
KH121G0AV-M11_16.jpg,Yes
PUC22T0E1-N11_2.jpg,Yes
BO721U039-K11_4.jpg,No
1MY21G05A-J11_2.jpg,No
MB121G00S-M12_16.jpg,No
P2121G011-H11_2.jpg,No
M0Q21G07C-M11_2.jpg,No
AD121G08K-A11_18.jpg,No
WD221U0D3-K11_2.jpg,Yes
M5S21G00C-B11_9.jpg,No
STX21G001-Q11_8.jpg,No
IC221G02W-O11_2.jpg,No
ON321G102-C11_11.jpg,No
WD221U06A-K11_10.jpg,Yes
M9121G0SZ-C11_14.jpg,No
C3A21G001-Q11_9.jpg,No
4DR21G068-A11_2.jpg,No
L4221U03F-J11_12.jpg,Yes
4DR21G06V-C11_2.jpg,No
MA321G07E-G11_2.jpg,No
MW721U025-N11_2.jpg,Yes
1MY21U06X-T11_2.jpg,No
VE121G0VM-K11_2.jpg,No
PO221U01L-K11_8.jpg,No
ON321U0G7-I11_2.jpg,No
V1021G0DJ-O11_2.jpg,No
TD021U01C-N11_12.jpg,Yes
S5521G03A-Q11_19.jpg,Yes
BA221G006-M11_8.jpg,No
H4421G0AT-T11_14.jpg,No
BB121G031-J11_17.jpg,No
PUC21G052-K13_2.jpg,Yes
WD221U0CB-E11_12.jpg,Yes
TO221G08S-B11_15.jpg,No
1MY21G059-K11_2.jpg,No
4DR21U059-K11_2.jpg,Yes
WD221U0BQ-K11_2.jpg,Yes
WD222Q00E-N11_10.jpg,No
TOB21U02H-T11_5.jpg,Yes
ON321G0ZQ-M11_8.jpg,No
AM421J00A-G11_12.jpg,Yes
KA321E0RZ-Q11_2.jpg,No
VW921G002-K11_2.jpg,No
WD222T03K-K11_2.jpg,Yes
GOD41F009-C11_5.jpg,Yes
B14210001-O11_2.jpg,No
1MY21U06L-J11_2.jpg,Yes
WD221U0D1-J11_2.jpg,Yes
LOB21G008-C11_7.jpg,No
WL521G04M-A11_6.jpg,No
M9121G0TT-Q11_2.jpg,No
M9121E3AA-B11_10.jpg,No
C7642F00J-K11_6.jpg,No
NX321G03V-K11_8.jpg,No
EDD21G008-K11_2.jpg,No
ON321G10Z-Q11_12.jpg,No
ON321U05T-N12_2.jpg,Yes
ALP21G003-F11_8.jpg,No
NA521G02V-T11_4.jpg,No
M1421G00G-K11_13.jpg,No
HO021G00C-E11_10.jpg,No
P2121U00Q-O11_14.jpg,No
PE121G06G-K11_10.jpg,No
1MY21U05R-J11_10.jpg,Yes
SO222T06Q-G11_12.jpg,Yes
SIE21G017-B11_8.jpg,No
FOD21G017-Q11_17.jpg,No
E7721G051-Q11_8.jpg,No
SO821I02B-Q11_12.jpg,No
SC321U022-K11_18.jpg,No
WD221U08N-E11_10.jpg,Yes
DE121G047-Q11_12.jpg,
VE121G0VA-M11_6.jpg,No
TO122T05P-K11_7.jpg,No
1MY21U06I-J11_2.jpg,No
BLF42F00F-Q11_2.jpg,Yes
KH122T0AW-Q11_18.jpg,Yes
EDD21G00U-E11_11.jpg,No
WD221G019-E11_10.jpg,Yes
VE121G0VJ-B11_2.jpg,No
NX321G052-C11_8.jpg,No
VE121G0UO-Q11_2.jpg,No
NX321U036-J11_18.jpg,No
MAL21G01E-Q11_2.jpg,No
MSA21G00M-K11_11.jpg,No
CE321G05G-K11_11.jpg,No
VEE21G00J-J11_2.jpg,No
F1421G010-K11_10.jpg,No
FD521G00D-K11_8.jpg,No
WD222Q00I-K11_14.jpg,Yes
TO222T05D-G11_12.jpg,No
GAG21U000-N11_2.jpg,No
BB121G02K-K11_8.jpg,No
PE441F02G-M11_4.jpg,Yes
FI022T017-Q11_6.jpg,No
F2121G00M-K11_2.jpg,No
ETE21G000-B11_4.jpg,No
C2O22T00C-M11_12.jpg,No
1MY21G05I-J11_2.jpg,No
VE121G0V9-Q11_2.jpg,No
7E021U00Q-G11_10.jpg,No
TO721U02N-A11_6.jpg,Yes
BEJ21G02X-Q11_16.jpg,Yes
C0T21G00J-N11_11.jpg,No
AP221U000-O11_10.jpg,No
OA121U040-C11_10.jpg,No
IL121U018-E11_7.jpg,Yes
M0Q21G06F-B11_8.jpg,Yes
BEJ21U02O-Q11_16.jpg,No
1MY21G058-A11_18.jpg,No
TP721G0MY-H11_8.jpg,No
TO121U04L-K12_10.jpg,Yes
R6721U004-M11_12.jpg,No
ON321G123-K11_2.jpg,No
M3I21G07A-O11_15.jpg,No
VE121G0TW-Q11_7.jpg,No
VM421U07S-Q11_13.jpg,No
BG821U00Y-A11_8.jpg,No
FIQ21G001-Q11_11.jpg,Yes
OND21G00Z-I11_12.jpg,No
B14210007-O11_2.jpg,No
M7341F021-I11_2.jpg,Yes
GU121G09I-Q11_11.jpg,No
MA321G070-B11_9.jpg,Yes
P6921G01Y-A11_5.jpg,No
QS122T02A-M11_15.jpg,Yes
M5921G042-G11_10.jpg,
VE121G0KE-G11_2.jpg,No
DP521G08V-C11_2.jpg,No
ON321G12D-B11_14.jpg,No
UR642F002-Q11_2.jpg,Yes
AP221G001-G11_10.jpg,No
SQ621G01S-K11_2.jpg,No
VE121U09V-K11_17.jpg,No
V1021U032-M12_2.jpg,No
WD221U0D2-E11_2.jpg,Yes
TA021G02P-T11_8.jpg,No
VE121G0TZ-M11_9.jpg,No
YC021G00E-K11_15.jpg,No
MW721G010-K11_4.jpg,No
DI522T00D-Q11_12.jpg,Yes
MQ921G00S-Q11_5.jpg,No
VE121G0PJ-Q11_2.jpg,No
SOA21G04R-K11_13.jpg,No
R5921G044-Q11_7.jpg,Yes
Y0021C0BA-Q11_11.jpg,No
1LJ21G00G-K11_11.jpg,No
C7041G03L-J11_8.jpg,Yes
S8521G0DK-C11_2.jpg,No
PAX21G00Q-F11_10.jpg,No
SO222T07N-K11_17.jpg,Yes
SU221U068-K11_2.jpg,Yes
4DR21G058-L11_5.jpg,No
VE121G0UE-C11_7.jpg,No
ON321U0FV-B11_19.jpg,No
M4R21U00G-E11_12.jpg,Yes
TO221G09I-A11_18.jpg,No
SO221U04S-J11_17.jpg,No
GID21U00W-B11_9.jpg,No
CLG21G00D-A11_8.jpg,No
P1421G034-B11_11.jpg,No
MP421G001-K11_12.jpg,No
JEG22T008-O11_14.jpg,No
E7721U03B-Q11_8.jpg,Yes
E7721G04V-Q11_9.jpg,No
SO221G0BM-Q11_17.jpg,No
ON321G100-K11_2.jpg,No
LI621G013-F11_14.jpg,No
WD221U0BD-K11_2.jpg,Yes
BAW21G00H-C11_7.jpg,No
SO222T04T-Q11_19.jpg,No
M0Q21G06J-J11_9.jpg,No
ON321G110-K11_9.jpg,No
P6821U000-I11_12.jpg,No
C1821G02N-E11_14.jpg,Yes
SOA21U02H-N11_19.jpg,No
VE121G0U0-K11_10.jpg,No
HUD21G009-Q11_7.jpg,No
SO221U06Y-K11_2.jpg,Yes
JAC22T02O-Q11_10.jpg,No
7E021U011-G11_10.jpg,No
MAL21U01L-Q11_2.jpg,No
GOD41F009-G11_5.jpg,Yes
NL021G08O-J11_4.jpg,No
VE121G0V1-K11_11.jpg,No
VE121G0UN-K11_2.jpg,No
IJ022T02P-C11_2.jpg,No
PU122T03L-Q11_14.jpg,Yes
VE121G0UW-B11_2.jpg,No
4BE21G040-K11_2.jpg,No
THA21G01U-O11_11.jpg,No
TH322T007-J11_8.jpg,Yes
TH342F087-K11_2.jpg,Yes
ON321G10E-J11_9.jpg,No
KA321G03Y-B11_2.jpg,No
DR221G011-C11_12.jpg,No
S2042F018-K11_8.jpg,No
T3741F009-K11_9.jpg,Yes
XC021G00A-K11_4.jpg,No
BB121G028-A11_4.jpg,No
NA521G032-K11_11.jpg,No
SC321G02Y-K11_10.jpg,No
M0Q21G06N-J11_2.jpg,No
KH121G0C8-Q11_18.jpg,No
1FI21G00L-E11_11.jpg,No
RI021G003-C12_6.jpg,Yes
C2341F03C-Q11_11.jpg,
JA222T0KM-M11_2.jpg,Yes
BA222T01Q-C11_2.jpg,No
DE122T009-Q11_15.jpg,
ON321G0Y7-Q11_2.jpg,No
IC141F0B9-N11_9.jpg,
ES121G0AA-K11_16.jpg,No
C2322T00T-Q11_2.jpg,No
ON321U0EO-Q11_2.jpg,Yes
KH121G0AD-B11_16.jpg,No
GW121U01J-J11_6.jpg,No
JL122T04W-Q11_2.jpg,No
LE421G02D-K11_2.jpg,No
BEJ21G04O-Q11_13.jpg,No
Y0121G03E-Q11_9.jpg,No
WD221U0A2-G11_8.jpg,Yes
PUC21G078-K11_15.jpg,No
MK121O004-K14_6.jpg,Yes
EW221G04B-C11_2.jpg,No
RB021G00K-M11_15.jpg,No
RI921G05Y-K11_17.jpg,No
IB021U009-N11_6.jpg,No
ON321G0OR-K12_6.jpg,No
1MY21G058-A12_15.jpg,No
NI121G04O-A11_15.jpg,Yes
P6921G026-A11_5.jpg,No
M5921U01O-H11_2.jpg,No
DE121G049-J11_2.jpg,No
WF521G015-K12_14.jpg,No
VE121G0PZ-Q11_14.jpg,No
HOS21G004-K11_9.jpg,No
PUH21G00F-Q11_2.jpg,No
88041F012-M11_8.jpg,Yes
GP022T013-O11_9.jpg,No
DI541F01R-E11_2.jpg,Yes
TD022T019-Q11_10.jpg,No
RI921G05E-Q11_11.jpg,No
1US21G011-A11_2.jpg,No
SOA21G03Y-O11_18.jpg,No
4DR21G06O-K11_2.jpg,Yes
UR621U002-J11_3.jpg,Yes
DR221U01B-M11_11.jpg,No
NM321G05Q-Q11_1.jpg,No
1US21G00V-C11_2.jpg,No
EDD21G00N-M11_7.jpg,No
AM422T005-G11_8.jpg,No
PUC21U06Q-Q11_16.jpg,No
GW121I03V-K11_6.jpg,No
ON321G10Y-G11_16.jpg,No
H4421G0AV-K11_15.jpg,No
WD221G029-J11_15.jpg,Yes
H4421G0AG-B11_2.jpg,No
IC621U01F-J11_10.jpg,Yes
PA941F02O-K11_10.jpg,Yes
S8521U05C-K11_2.jpg,No
ONA21U00Z-C11_2.jpg,No
TH341F02P-C14_2.jpg,Yes
PUC21G01M-Q11_18.jpg,No
MIG21G011-M11_4.jpg,No
1CI21G001-K11_2.jpg,Yes
3SE21G000-M11_12.jpg,No
WF521G010-T11_2.jpg,No
LY222T01G-Q11_9.jpg,No
4DR21G062-K11_2.jpg,No
TH322T007-K12_10.jpg,Yes
UR622T00F-A11_6.jpg,Yes
21B21U011-B11_10.jpg,No
4DR21U05P-M11_2.jpg,No
PUC21G055-B11_15.jpg,No
QS121U02P-M11_11.jpg,Yes
DP521G094-N11_2.jpg,No
COH21U000-G11_10.jpg,No
NL021G08Q-K11_5.jpg,No
TO221U03W-J11_13.jpg,No
PX421G02V-K11_8.jpg,No
SQ621U01H-A11_6.jpg,No
TAQ21U005-O11_10.jpg,Yes
M5921G03S-Q11_16.jpg,No
4DR22T01Y-K11_10.jpg,No
ONE21D007-Q11_6.jpg,No
QS121G04S-E11_14.jpg,No
M4822T005-C11_2.jpg,Yes
MA321G06W-K11_2.jpg,No
BB121U01C-Q11_18.jpg,No
FF221G01G-B11_2.jpg,No
WD221U05S-J11_10.jpg,Yes
IC221G02V-Q11_2.jpg,No
M4822T005-Q11_2.jpg,Yes
WL521G04G-K11_2.jpg,No
BF521U014-A11_10.jpg,No
WD222T03W-K11_2.jpg,Yes
NM321G04S-K11_1.jpg,No
BA222G005-604_1.jpg,No
WD221U0CA-J11_13.jpg,Yes
L1O22T004-A11_7.jpg,No
M7341F00Y-C11_2.jpg,Yes
J3222T001-C11_13.jpg,Yes
BX021G01J-K11_15.jpg,No
JA222T0JU-B11_2.jpg,No
M0Q21G06H-Q11_2.jpg,No
VW621G00A-T11_11.jpg,No
WL521G049-Q11_9.jpg,No
JC421U00B-K12_4.jpg,Yes
P1421G02R-K11_7.jpg,No
SO221U06Y-K11_11.jpg,
WD221U09L-K11_14.jpg,Yes
M5S21U00N-K11_11.jpg,Yes
HU341F01B-M11_12.jpg,Yes
M5921G03E-A11_14.jpg,No
S8521U04U-C11_2.jpg,Yes
BL522T02T-Q11_9.jpg,Yes
FF221U03H-K11_10.jpg,No
RI521G02J-J11_7.jpg,No
UR621G029-N11_13.jpg,Yes
NL021G08K-Q11_7.jpg,No
GI121G007-N11_2.jpg,No
JY121G03P-I11_9.jpg,No
NI121G04R-A11_8.jpg,No
WD221G023-C11_2.jpg,Yes
ON321G0ZA-Q11_15.jpg,No
MAM22T001-G11_8.jpg,No
K4821G012-K11_2.jpg,No
ON321G0AK-Q11_16.jpg,No
UR621G00X-K11_4.jpg,Yes
7E021U01O-G11_10.jpg,No
CO421O004-J11_12.jpg,No
JY121G040-I11_2.jpg,No
ON321G0Z9-O11_15.jpg,No
KS821K00C-K11_14.jpg,No
PX421G02P-Q11_8.jpg,No
JL022T00J-I11_7.jpg,No
A0Q21L005-Q11_1.jpg,No
IC621U01B-N11_10.jpg,Yes
LE421G028-K11_10.jpg,No
KT041F010-K11_2.jpg,Yes
D1841F01B-J11_9.jpg,Yes
ON321G0OG-I11_2.jpg,No
IL121H00F-K11_16.jpg,Yes
